"Useless assignment to local variable","An assignment to a local variable that is not used later on, or whose value is always overwritten, has no effect.","warning","This assignment to [[""record""|""relative:///performance/CsvHelper.Performance/Program.cs:177:14:177:19""]] is useless, since its value is never read.","/performance/CsvHelper.Performance/Program.cs","180","6","180","27"
"Useless assignment to local variable","An assignment to a local variable that is not used later on, or whose value is always overwritten, has no effect.","warning","This assignment to [[""record""|""relative:///performance/CsvHelper.Performance/Program.cs:246:10:246:15""]] is useless, since its value is never read.","/performance/CsvHelper.Performance/Program.cs","246","10","246","44"
"Useless assignment to local variable","An assignment to a local variable that is not used later on, or whose value is always overwritten, has no effect.","warning","This assignment to [[""record""|""relative:///performance/CsvHelper.Performance/Program.cs:364:23:364:28""]] is useless, since its value is never read.","/performance/CsvHelper.Performance/Program.cs","367","6","367","48"
"Useless assignment to local variable","An assignment to a local variable that is not used later on, or whose value is always overwritten, has no effect.","warning","This assignment to [[""record""|""relative:///performance/CsvHelper.Performance/Program.cs:383:23:383:28""]] is useless, since its value is never read.","/performance/CsvHelper.Performance/Program.cs","386","6","386","48"
"Useless assignment to local variable","An assignment to a local variable that is not used later on, or whose value is always overwritten, has no effect.","warning","This assignment to [[""record""|""relative:///performance/CsvHelper.Performance/Program.cs:401:14:401:19""]] is useless, since its value is never read.","/performance/CsvHelper.Performance/Program.cs","404","6","404","27"
"Useless assignment to local variable","An assignment to a local variable that is not used later on, or whose value is always overwritten, has no effect.","warning","This assignment to [[""type""|""relative:///src/CsvHelper/Expressions/DynamicRecordWriter.cs:41:9:41:12""]] is useless, since its value is never read.","/src/CsvHelper/Expressions/DynamicRecordWriter.cs","41","9","41","33"
"Useless assignment to local variable","An assignment to a local variable that is not used later on, or whose value is always overwritten, has no effect.","warning","This assignment to [[""memberTypeParameter""|""relative:///src/CsvHelper/Expressions/RecordHydrator.cs:90:9:90:27""]] is useless, since its value is never read.","/src/CsvHelper/Expressions/RecordHydrator.cs","90","9","90","96"
"Useless assignment to local variable","An assignment to a local variable that is not used later on, or whose value is always overwritten, has no effect.","warning","This assignment to [[""memberTypeParameter""|""relative:///src/CsvHelper/Expressions/RecordHydrator.cs:108:9:108:27""]] is useless, since its value is never read.","/src/CsvHelper/Expressions/RecordHydrator.cs","108","9","108","108"
"Useless assignment to local variable","An assignment to a local variable that is not used later on, or whose value is always overwritten, has no effect.","warning","This assignment to [[""reader""|""relative:///tests/CsvHelper.Tests/Async/WritingTests.cs:84:15:84:20""]] is useless, since its value is never read.","/tests/CsvHelper.Tests/Async/WritingTests.cs","84","15","84","47"
"Useless assignment to local variable","An assignment to a local variable that is not used later on, or whose value is always overwritten, has no effect.","warning","This assignment to [[""map""|""relative:///tests/CsvHelper.Tests/AutoMapping/CircularReferenceTests.cs:18:8:18:10""]] is useless, since its value is never read.","/tests/CsvHelper.Tests/AutoMapping/CircularReferenceTests.cs","18","8","18","45"
"Useless assignment to local variable","An assignment to a local variable that is not used later on, or whose value is always overwritten, has no effect.","warning","This assignment to [[""record""|""relative:///tests/CsvHelper.Tests/CsvParserTests.cs:1130:9:1130:14""]] is useless, since its value is never read.","/tests/CsvHelper.Tests/CsvParserTests.cs","1130","9","1130","30"
"Useless assignment to local variable","An assignment to a local variable that is not used later on, or whose value is always overwritten, has no effect.","warning","This assignment to [[""record""|""relative:///tests/CsvHelper.Tests/CsvParserTests.cs:1130:9:1130:14""]] is useless, since its value is never read.","/tests/CsvHelper.Tests/CsvParserTests.cs","1136","5","1136","26"
"Useless assignment to local variable","An assignment to a local variable that is not used later on, or whose value is always overwritten, has no effect.","warning","This assignment to [[""record""|""relative:///tests/CsvHelper.Tests/CsvParserTests.cs:1130:9:1130:14""]] is useless, since its value is never read.","/tests/CsvHelper.Tests/CsvParserTests.cs","1142","5","1142","26"
"Useless assignment to local variable","An assignment to a local variable that is not used later on, or whose value is always overwritten, has no effect.","warning","This assignment to [[""record""|""relative:///tests/CsvHelper.Tests/CsvParserTests.cs:1130:9:1130:14""]] is useless, since its value is never read.","/tests/CsvHelper.Tests/CsvParserTests.cs","1148","5","1148","26"
"Useless assignment to local variable","An assignment to a local variable that is not used later on, or whose value is always overwritten, has no effect.","warning","This assignment to [[""record""|""relative:///tests/CsvHelper.Tests/CsvParserTests.cs:1130:9:1130:14""]] is useless, since its value is never read.","/tests/CsvHelper.Tests/CsvParserTests.cs","1154","5","1154","26"
"Useless assignment to local variable","An assignment to a local variable that is not used later on, or whose value is always overwritten, has no effect.","warning","This assignment to [[""records""|""relative:///tests/CsvHelper.Tests/CsvReaderErrorMessageTests.cs:45:10:45:16""]] is useless, since its value is never read.","/tests/CsvHelper.Tests/CsvReaderErrorMessageTests.cs","45","10","45","57"
"Useless assignment to local variable","An assignment to a local variable that is not used later on, or whose value is always overwritten, has no effect.","warning","This assignment to [[""records""|""relative:///tests/CsvHelper.Tests/CsvReaderErrorMessageTests.cs:77:10:77:16""]] is useless, since its value is never read.","/tests/CsvHelper.Tests/CsvReaderErrorMessageTests.cs","77","10","77","57"
"Useless assignment to local variable","An assignment to a local variable that is not used later on, or whose value is always overwritten, has no effect.","warning","This assignment to [[""records""|""relative:///tests/CsvHelper.Tests/CsvReaderErrorMessageTests.cs:111:10:111:16""]] is useless, since its value is never read.","/tests/CsvHelper.Tests/CsvReaderErrorMessageTests.cs","111","10","111","57"
"Useless assignment to local variable","An assignment to a local variable that is not used later on, or whose value is always overwritten, has no effect.","warning","This assignment to [[""records""|""relative:///tests/CsvHelper.Tests/CsvReaderErrorMessageTests.cs:140:10:140:16""]] is useless, since its value is never read.","/tests/CsvHelper.Tests/CsvReaderErrorMessageTests.cs","140","10","140","57"
"Useless assignment to local variable","An assignment to a local variable that is not used later on, or whose value is always overwritten, has no effect.","warning","This assignment to [[""records""|""relative:///tests/CsvHelper.Tests/CsvReaderErrorMessageTests.cs:168:10:168:16""]] is useless, since its value is never read.","/tests/CsvHelper.Tests/CsvReaderErrorMessageTests.cs","168","10","168","57"
"Useless assignment to local variable","An assignment to a local variable that is not used later on, or whose value is always overwritten, has no effect.","warning","This assignment to [[""records""|""relative:///tests/CsvHelper.Tests/CsvReaderErrorMessageTests.cs:198:10:198:16""]] is useless, since its value is never read.","/tests/CsvHelper.Tests/CsvReaderErrorMessageTests.cs","198","10","198","57"
"Useless assignment to local variable","An assignment to a local variable that is not used later on, or whose value is always overwritten, has no effect.","warning","This assignment to [[""records""|""relative:///tests/CsvHelper.Tests/CsvReaderMappingTests.cs:103:8:103:14""]] is useless, since its value is never read.","/tests/CsvHelper.Tests/CsvReaderMappingTests.cs","103","8","103","65"
"Useless assignment to local variable","An assignment to a local variable that is not used later on, or whose value is always overwritten, has no effect.","warning","This assignment to [[""csvString""|""relative:///tests/CsvHelper.Tests/CsvWriterTests.cs:522:9:522:17""]] is useless, since its value is never read.","/tests/CsvHelper.Tests/CsvWriterTests.cs","522","9","522","38"
"Useless assignment to local variable","An assignment to a local variable that is not used later on, or whose value is always overwritten, has no effect.","warning","This assignment to [[""reader""|""relative:///tests/CsvHelper.Tests/CsvWriterTests.cs:737:15:737:20""]] is useless, since its value is never read.","/tests/CsvHelper.Tests/CsvWriterTests.cs","737","15","737","47"
"Useless assignment to local variable","An assignment to a local variable that is not used later on, or whose value is always overwritten, has no effect.","warning","This assignment to [[""reader""|""relative:///tests/CsvHelper.Tests/CsvWriterTests.cs:758:15:758:20""]] is useless, since its value is never read.","/tests/CsvHelper.Tests/CsvWriterTests.cs","758","15","758","47"
"Useless assignment to local variable","An assignment to a local variable that is not used later on, or whose value is always overwritten, has no effect.","warning","This assignment to [[""records""|""relative:///tests/CsvHelper.Tests/Mappings/Attribute/CultureInfoTests.cs:22:9:22:15""]] is useless, since its value is never read.","/tests/CsvHelper.Tests/Mappings/Attribute/CultureInfoTests.cs","22","9","22","65"
"Useless assignment to local variable","An assignment to a local variable that is not used later on, or whose value is always overwritten, has no effect.","warning","This assignment to [[""records""|""relative:///tests/CsvHelper.Tests/Mappings/Attribute/DateTimeStylesTests.cs:22:9:22:15""]] is useless, since its value is never read.","/tests/CsvHelper.Tests/Mappings/Attribute/DateTimeStylesTests.cs","22","9","22","68"
"Useless assignment to local variable","An assignment to a local variable that is not used later on, or whose value is always overwritten, has no effect.","warning","This assignment to [[""records""|""relative:///tests/CsvHelper.Tests/Mappings/Attribute/EnumIgnoreCaseTests.cs:32:9:32:15""]] is useless, since its value is never read.","/tests/CsvHelper.Tests/Mappings/Attribute/EnumIgnoreCaseTests.cs","32","9","32","48"
"Useless assignment to local variable","An assignment to a local variable that is not used later on, or whose value is always overwritten, has no effect.","warning","This assignment to [[""records""|""relative:///tests/CsvHelper.Tests/Mappings/Attribute/EnumIgnoreCaseTests.cs:45:9:45:15""]] is useless, since its value is never read.","/tests/CsvHelper.Tests/Mappings/Attribute/EnumIgnoreCaseTests.cs","45","9","45","48"
"Useless assignment to local variable","An assignment to a local variable that is not used later on, or whose value is always overwritten, has no effect.","warning","This assignment to [[""records""|""relative:///tests/CsvHelper.Tests/Mappings/Attribute/EnumIgnoreCaseTests.cs:59:9:59:15""]] is useless, since its value is never read.","/tests/CsvHelper.Tests/Mappings/Attribute/EnumIgnoreCaseTests.cs","59","9","59","48"
"Useless assignment to local variable","An assignment to a local variable that is not used later on, or whose value is always overwritten, has no effect.","warning","This assignment to [[""records""|""relative:///tests/CsvHelper.Tests/Mappings/Attribute/FormatTests.cs:22:9:22:15""]] is useless, since its value is never read.","/tests/CsvHelper.Tests/Mappings/Attribute/FormatTests.cs","22","9","22","60"
"Useless assignment to local variable","An assignment to a local variable that is not used later on, or whose value is always overwritten, has no effect.","warning","This assignment to [[""records""|""relative:///tests/CsvHelper.Tests/Mappings/Attribute/NumberStylesTests.cs:22:9:22:15""]] is useless, since its value is never read.","/tests/CsvHelper.Tests/Mappings/Attribute/NumberStylesTests.cs","22","9","22","66"
"Useless assignment to local variable","An assignment to a local variable that is not used later on, or whose value is always overwritten, has no effect.","warning","This assignment to [[""map""|""relative:///tests/CsvHelper.Tests/Mappings/ConstructorParameter/ConstantMapTests.cs:73:9:73:11""]] is useless, since its value is never read.","/tests/CsvHelper.Tests/Mappings/ConstructorParameter/ConstantMapTests.cs","73","9","73","52"
"Useless assignment to local variable","An assignment to a local variable that is not used later on, or whose value is always overwritten, has no effect.","warning","This assignment to [[""map""|""relative:///tests/CsvHelper.Tests/Mappings/ConstructorParameter/ConstantMapTests.cs:115:9:115:11""]] is useless, since its value is never read.","/tests/CsvHelper.Tests/Mappings/ConstructorParameter/ConstantMapTests.cs","115","9","115","52"
"Useless assignment to local variable","An assignment to a local variable that is not used later on, or whose value is always overwritten, has no effect.","warning","This assignment to [[""map""|""relative:///tests/CsvHelper.Tests/Mappings/ConstructorParameter/ConstantMapTests.cs:137:9:137:11""]] is useless, since its value is never read.","/tests/CsvHelper.Tests/Mappings/ConstructorParameter/ConstantMapTests.cs","137","9","137","52"
"Useless assignment to local variable","An assignment to a local variable that is not used later on, or whose value is always overwritten, has no effect.","warning","This assignment to [[""map""|""relative:///tests/CsvHelper.Tests/Mappings/ConstructorParameter/CultureInfoMapTests.cs:75:9:75:11""]] is useless, since its value is never read.","/tests/CsvHelper.Tests/Mappings/ConstructorParameter/CultureInfoMapTests.cs","75","9","75","52"
"Useless assignment to local variable","An assignment to a local variable that is not used later on, or whose value is always overwritten, has no effect.","warning","This assignment to [[""map""|""relative:///tests/CsvHelper.Tests/Mappings/ConstructorParameter/DateTimeStylesMapTests.cs:73:9:73:11""]] is useless, since its value is never read.","/tests/CsvHelper.Tests/Mappings/ConstructorParameter/DateTimeStylesMapTests.cs","73","9","73","52"
"Useless assignment to local variable","An assignment to a local variable that is not used later on, or whose value is always overwritten, has no effect.","warning","This assignment to [[""map""|""relative:///tests/CsvHelper.Tests/Mappings/ConstructorParameter/DefaultMapTests.cs:73:9:73:11""]] is useless, since its value is never read.","/tests/CsvHelper.Tests/Mappings/ConstructorParameter/DefaultMapTests.cs","73","9","73","52"
"Useless assignment to local variable","An assignment to a local variable that is not used later on, or whose value is always overwritten, has no effect.","warning","This assignment to [[""map""|""relative:///tests/CsvHelper.Tests/Mappings/ConstructorParameter/FormatMapTests.cs:77:9:77:11""]] is useless, since its value is never read.","/tests/CsvHelper.Tests/Mappings/ConstructorParameter/FormatMapTests.cs","77","9","77","52"
"Useless assignment to local variable","An assignment to a local variable that is not used later on, or whose value is always overwritten, has no effect.","warning","This assignment to [[""map""|""relative:///tests/CsvHelper.Tests/Mappings/ConstructorParameter/IgnoreMapTests.cs:71:9:71:11""]] is useless, since its value is never read.","/tests/CsvHelper.Tests/Mappings/ConstructorParameter/IgnoreMapTests.cs","71","9","71","52"
"Useless assignment to local variable","An assignment to a local variable that is not used later on, or whose value is always overwritten, has no effect.","warning","This assignment to [[""map""|""relative:///tests/CsvHelper.Tests/Mappings/ConstructorParameter/IndexMapTests.cs:70:9:70:11""]] is useless, since its value is never read.","/tests/CsvHelper.Tests/Mappings/ConstructorParameter/IndexMapTests.cs","70","9","70","52"
"Useless assignment to local variable","An assignment to a local variable that is not used later on, or whose value is always overwritten, has no effect.","warning","This assignment to [[""map""|""relative:///tests/CsvHelper.Tests/Mappings/ConstructorParameter/NumberStylesMapTests.cs:72:9:72:11""]] is useless, since its value is never read.","/tests/CsvHelper.Tests/Mappings/ConstructorParameter/NumberStylesMapTests.cs","72","9","72","52"
"Useless assignment to local variable","An assignment to a local variable that is not used later on, or whose value is always overwritten, has no effect.","warning","This assignment to [[""map""|""relative:///tests/CsvHelper.Tests/Mappings/ConstructorParameter/OptionalMapTests.cs:70:9:70:11""]] is useless, since its value is never read.","/tests/CsvHelper.Tests/Mappings/ConstructorParameter/OptionalMapTests.cs","70","9","70","52"
"Useless assignment to local variable","An assignment to a local variable that is not used later on, or whose value is always overwritten, has no effect.","warning","This assignment to [[""map""|""relative:///tests/CsvHelper.Tests/Mappings/ConstructorParameter/TypeConverterMapTests.cs:71:9:71:11""]] is useless, since its value is never read.","/tests/CsvHelper.Tests/Mappings/ConstructorParameter/TypeConverterMapTests.cs","71","9","71","52"
"Useless assignment to local variable","An assignment to a local variable that is not used later on, or whose value is always overwritten, has no effect.","warning","This assignment to [[""map""|""relative:///tests/CsvHelper.Tests/Mappings/SubPropertyMappingTests.cs:88:8:88:10""]] is useless, since its value is never read.","/tests/CsvHelper.Tests/Mappings/SubPropertyMappingTests.cs","88","8","88","27"
"Useless assignment to local variable","An assignment to a local variable that is not used later on, or whose value is always overwritten, has no effect.","warning","This assignment to [[""record""|""relative:///tests/CsvHelper.Tests/Parsing/BadDataTests.cs:34:9:34:14""]] is useless, since its value is never read.","/tests/CsvHelper.Tests/Parsing/BadDataTests.cs","34","9","34","30"
"Useless assignment to local variable","An assignment to a local variable that is not used later on, or whose value is always overwritten, has no effect.","warning","This assignment to [[""record""|""relative:///tests/CsvHelper.Tests/Parsing/BadDataTests.cs:34:9:34:14""]] is useless, since its value is never read.","/tests/CsvHelper.Tests/Parsing/BadDataTests.cs","39","5","39","26"
"Useless assignment to local variable","An assignment to a local variable that is not used later on, or whose value is always overwritten, has no effect.","warning","This assignment to [[""record""|""relative:///tests/CsvHelper.Tests/Parsing/BadDataTests.cs:61:10:61:15""]] is useless, since its value is never read.","/tests/CsvHelper.Tests/Parsing/BadDataTests.cs","61","10","61","31"
"Useless assignment to local variable","An assignment to a local variable that is not used later on, or whose value is always overwritten, has no effect.","warning","This assignment to [[""row""|""relative:///tests/CsvHelper.Tests/Parsing/DetectDelimiterTests.cs:170:9:170:11""]] is useless, since its value is never read.","/tests/CsvHelper.Tests/Parsing/DetectDelimiterTests.cs","170","9","170","27"
"Useless assignment to local variable","An assignment to a local variable that is not used later on, or whose value is always overwritten, has no effect.","warning","This assignment to [[""row""|""relative:///tests/CsvHelper.Tests/Parsing/DetectDelimiterTests.cs:170:9:170:11""]] is useless, since its value is never read.","/tests/CsvHelper.Tests/Parsing/DetectDelimiterTests.cs","175","5","175","23"
"Useless assignment to local variable","An assignment to a local variable that is not used later on, or whose value is always overwritten, has no effect.","warning","This assignment to [[""records""|""relative:///tests/CsvHelper.Tests/Reading/DetectColumnCountChangesTests.cs:178:9:178:15""]] is useless, since its value is never read.","/tests/CsvHelper.Tests/Reading/DetectColumnCountChangesTests.cs","178","9","178","49"
"Useless assignment to local variable","An assignment to a local variable that is not used later on, or whose value is always overwritten, has no effect.","warning","This assignment to [[""records""|""relative:///tests/CsvHelper.Tests/Reading/MultipleGetRecordsTests.cs:28:9:28:15""]] is useless, since its value is never read.","/tests/CsvHelper.Tests/Reading/MultipleGetRecordsTests.cs","28","9","28","49"
"Useless assignment to local variable","An assignment to a local variable that is not used later on, or whose value is always overwritten, has no effect.","warning","This assignment to [[""person""|""relative:///tests/CsvHelper.Tests/ReferenceMappingClassMapTests.cs:102:8:102:13""]] is useless, since its value is never read.","/tests/CsvHelper.Tests/ReferenceMappingClassMapTests.cs","102","8","102","42"
"Useless assignment to local variable","An assignment to a local variable that is not used later on, or whose value is always overwritten, has no effect.","warning","This assignment to [[""records""|""relative:///tests/CsvHelper.Tests/TypeConversion/ArrayConverterTests.cs:163:9:163:15""]] is useless, since its value is never read.","/tests/CsvHelper.Tests/TypeConversion/ArrayConverterTests.cs","163","9","163","73"
"Useless assignment to local variable","An assignment to a local variable that is not used later on, or whose value is always overwritten, has no effect.","warning","This assignment to [[""records""|""relative:///tests/CsvHelper.Tests/TypeConversion/CollectionGenericConverterTests.cs:61:9:61:15""]] is useless, since its value is never read.","/tests/CsvHelper.Tests/TypeConversion/CollectionGenericConverterTests.cs","61","9","61","73"
"Useless assignment to local variable","An assignment to a local variable that is not used later on, or whose value is always overwritten, has no effect.","warning","This assignment to [[""records""|""relative:///tests/CsvHelper.Tests/TypeConversion/IDictionaryConverterTests.cs:92:10:92:16""]] is useless, since its value is never read.","/tests/CsvHelper.Tests/TypeConversion/IDictionaryConverterTests.cs","92","10","92","50"
"Useless assignment to local variable","An assignment to a local variable that is not used later on, or whose value is always overwritten, has no effect.","warning","This assignment to [[""records""|""relative:///tests/CsvHelper.Tests/TypeConversion/IDictionaryConverterTests.cs:148:10:148:16""]] is useless, since its value is never read.","/tests/CsvHelper.Tests/TypeConversion/IDictionaryConverterTests.cs","148","10","148","50"
"Useless assignment to local variable","An assignment to a local variable that is not used later on, or whose value is always overwritten, has no effect.","warning","This assignment to [[""records""|""relative:///tests/CsvHelper.Tests/TypeConversion/IDictionaryConverterTests.cs:178:10:178:16""]] is useless, since its value is never read.","/tests/CsvHelper.Tests/TypeConversion/IDictionaryConverterTests.cs","178","10","178","50"
"Useless assignment to local variable","An assignment to a local variable that is not used later on, or whose value is always overwritten, has no effect.","warning","This assignment to [[""records""|""relative:///tests/CsvHelper.Tests/TypeConversion/IDictionaryConverterTests.cs:204:10:204:16""]] is useless, since its value is never read.","/tests/CsvHelper.Tests/TypeConversion/IDictionaryConverterTests.cs","204","10","204","50"
"Useless assignment to local variable","An assignment to a local variable that is not used later on, or whose value is always overwritten, has no effect.","warning","This assignment to [[""records""|""relative:///tests/CsvHelper.Tests/TypeConversion/IDictionaryConverterTests.cs:230:10:230:16""]] is useless, since its value is never read.","/tests/CsvHelper.Tests/TypeConversion/IDictionaryConverterTests.cs","230","10","230","50"
"Useless assignment to local variable","An assignment to a local variable that is not used later on, or whose value is always overwritten, has no effect.","warning","This assignment to [[""records""|""relative:///tests/CsvHelper.Tests/TypeConversion/IDictionaryConverterTests.cs:256:10:256:16""]] is useless, since its value is never read.","/tests/CsvHelper.Tests/TypeConversion/IDictionaryConverterTests.cs","256","10","256","50"
"Useless assignment to local variable","An assignment to a local variable that is not used later on, or whose value is always overwritten, has no effect.","warning","This assignment to [[""records""|""relative:///tests/CsvHelper.Tests/TypeConversion/IDictionaryGenericConverterTests.cs:42:10:42:16""]] is useless, since its value is never read.","/tests/CsvHelper.Tests/TypeConversion/IDictionaryGenericConverterTests.cs","42","10","42","50"
"Useless assignment to local variable","An assignment to a local variable that is not used later on, or whose value is always overwritten, has no effect.","warning","This assignment to [[""records""|""relative:///tests/CsvHelper.Tests/TypeConversion/IDictionaryGenericConverterTests.cs:99:10:99:16""]] is useless, since its value is never read.","/tests/CsvHelper.Tests/TypeConversion/IDictionaryGenericConverterTests.cs","99","10","99","50"
"Useless assignment to local variable","An assignment to a local variable that is not used later on, or whose value is always overwritten, has no effect.","warning","This assignment to [[""records""|""relative:///tests/CsvHelper.Tests/TypeConversion/IDictionaryGenericConverterTests.cs:125:10:125:16""]] is useless, since its value is never read.","/tests/CsvHelper.Tests/TypeConversion/IDictionaryGenericConverterTests.cs","125","10","125","50"
"Useless assignment to local variable","An assignment to a local variable that is not used later on, or whose value is always overwritten, has no effect.","warning","This assignment to [[""records""|""relative:///tests/CsvHelper.Tests/TypeConversion/IDictionaryGenericConverterTests.cs:151:10:151:16""]] is useless, since its value is never read.","/tests/CsvHelper.Tests/TypeConversion/IDictionaryGenericConverterTests.cs","151","10","151","50"
"Useless assignment to local variable","An assignment to a local variable that is not used later on, or whose value is always overwritten, has no effect.","warning","This assignment to [[""records""|""relative:///tests/CsvHelper.Tests/TypeConversion/IEnumerableGenericConverterTests.cs:217:9:217:15""]] is useless, since its value is never read.","/tests/CsvHelper.Tests/TypeConversion/IEnumerableGenericConverterTests.cs","217","9","217","73"
"Useless assignment to local variable","An assignment to a local variable that is not used later on, or whose value is always overwritten, has no effect.","warning","This assignment to [[""list""|""relative:///tests/CsvHelper.Tests/TypeConversion/TypeConverterTests.cs:31:8:31:11""]] is useless, since its value is never read.","/tests/CsvHelper.Tests/TypeConversion/TypeConverterTests.cs","31","8","31","45"
"Useless assignment to local variable","An assignment to a local variable that is not used later on, or whose value is always overwritten, has no effect.","warning","This assignment to [[""expandoObject""|""relative:///src/CsvHelper/Expressions/RecordWriterFactory.cs:43:32:43:44""]] is useless, since its value is never read.","/src/CsvHelper/Expressions/RecordWriterFactory.cs","43","18","43","44"
"Useless assignment to local variable","An assignment to a local variable that is not used later on, or whose value is always overwritten, has no effect.","warning","This assignment to [[""dynamicObject""|""relative:///src/CsvHelper/Expressions/RecordWriterFactory.cs:48:45:48:57""]] is useless, since its value is never read.","/src/CsvHelper/Expressions/RecordWriterFactory.cs","48","18","48","57"
"Useless assignment to local variable","An assignment to a local variable that is not used later on, or whose value is always overwritten, has no effect.","warning","This assignment to [[""record""|""relative:///performance/CsvHelper.Performance/Program.cs:225:18:225:23""]] is useless, since its value is never read.","/performance/CsvHelper.Performance/Program.cs","225","18","225","23"
"Feature envy","A method that uses more methods or variables from another (unrelated) class than from its own class violates the principle of putting data and behavior in the same place.","recommendation","Method WriteRecords is too closely tied to [[""Stopwatch""|""file:///home/badgy/.nuget/packages/microsoft.netcore.app.ref/5.0.0/ref/net5.0/System.Runtime.dll:0:0:0:0""]]: 4 dependencies to it, but only 1 dependencies to its own type.","/performance/CsvHelper.Performance/Program.cs","83","15","83","26"
"Feature envy","A method that uses more methods or variables from another (unrelated) class than from its own class violates the principle of putting data and behavior in the same place.","recommendation","Method Parse is too closely tied to [[""Stopwatch""|""file:///home/badgy/.nuget/packages/microsoft.netcore.app.ref/5.0.0/ref/net5.0/System.Runtime.dll:0:0:0:0""]]: 4 dependencies to it, but only 1 dependencies to its own type.","/performance/CsvHelper.Performance/Program.cs","163","15","163","19"
"Feature envy","A method that uses more methods or variables from another (unrelated) class than from its own class violates the principle of putting data and behavior in the same place.","recommendation","Method ReadGetField is too closely tied to [[""Stopwatch""|""file:///home/badgy/.nuget/packages/microsoft.netcore.app.ref/5.0.0/ref/net5.0/System.Runtime.dll:0:0:0:0""]]: 4 dependencies to it, but only 1 dependencies to its own type.","/performance/CsvHelper.Performance/Program.cs","188","15","188","26"
"Feature envy","A method that uses more methods or variables from another (unrelated) class than from its own class violates the principle of putting data and behavior in the same place.","recommendation","Method ReadGetRecords is too closely tied to [[""Stopwatch""|""file:///home/badgy/.nuget/packages/microsoft.netcore.app.ref/5.0.0/ref/net5.0/System.Runtime.dll:0:0:0:0""]]: 4 dependencies to it, but only 1 dependencies to its own type.","/performance/CsvHelper.Performance/Program.cs","214","15","214","28"
"Feature envy","A method that uses more methods or variables from another (unrelated) class than from its own class violates the principle of putting data and behavior in the same place.","recommendation","Method WriteField is too closely tied to [[""Stopwatch""|""file:///home/badgy/.nuget/packages/microsoft.netcore.app.ref/5.0.0/ref/net5.0/System.Runtime.dll:0:0:0:0""]]: 4 dependencies to it, but only 1 dependencies to its own type.","/performance/CsvHelper.Performance/Program.cs","50","15","50","24"
"Feature envy","A method that uses more methods or variables from another (unrelated) class than from its own class violates the principle of putting data and behavior in the same place.","recommendation","Method ReadGetRecordsAsync is too closely tied to [[""Stopwatch""|""file:///home/badgy/.nuget/packages/microsoft.netcore.app.ref/5.0.0/ref/net5.0/System.Runtime.dll:0:0:0:0""]]: 4 dependencies to it, but only 1 dependencies to its own type.","/performance/CsvHelper.Performance/Program.cs","234","21","234","39"
"Feature envy","A method that uses more methods or variables from another (unrelated) class than from its own class violates the principle of putting data and behavior in the same place.","recommendation","Method GetUniqueProperties is too closely tied to [[""Dictionary<,>""|""file:///home/badgy/.nuget/packages/microsoft.netcore.app.ref/5.0.0/ref/net5.0/System.Collections.dll:0:0:0:0""]]: 4 dependencies to it, but only 0 dependencies to its own type.","/src/CsvHelper/ReflectionHelper.cs","65","36","65","54"
"Feature envy","A method that uses more methods or variables from another (unrelated) class than from its own class violates the principle of putting data and behavior in the same place.","recommendation","Method GetUniqueFields is too closely tied to [[""Dictionary<,>""|""file:///home/badgy/.nuget/packages/microsoft.netcore.app.ref/5.0.0/ref/net5.0/System.Collections.dll:0:0:0:0""]]: 4 dependencies to it, but only 0 dependencies to its own type.","/src/CsvHelper/ReflectionHelper.cs","103","33","103","47"
"Feature envy","A method that uses more methods or variables from another (unrelated) class than from its own class violates the principle of putting data and behavior in the same place.","recommendation","Method GetGenericCsvClassMapType is too closely tied to [[""Type""|""file:///home/badgy/.nuget/packages/microsoft.netcore.app.ref/5.0.0/ref/net5.0/System.Runtime.dll:0:0:0:0""]]: 4 dependencies to it, but only 1 dependencies to its own type.","/src/CsvHelper/Configuration/ClassMapCollection.cs","122","16","122","40"
"Feature envy","A method that uses more methods or variables from another (unrelated) class than from its own class violates the principle of putting data and behavior in the same place.","recommendation","Method ShouldQuote is too closely tied to [[""String""|""file:///home/badgy/.nuget/packages/microsoft.netcore.app.ref/5.0.0/ref/net5.0/System.Runtime.dll:0:0:0:0""]]: 5 dependencies to it, but only 1 dependencies to its own type.","/src/CsvHelper/Configuration/ConfigurationFunctions.cs","94","22","94","32"
"Feature envy","A method that uses more methods or variables from another (unrelated) class than from its own class violates the principle of putting data and behavior in the same place.","recommendation","Method GetSchemaTable is too closely tied to [[""DataTable""|""file:///home/badgy/.nuget/packages/microsoft.netcore.app.ref/5.0.0/ref/net5.0/System.Data.Common.dll:0:0:0:0""]]: 4 dependencies to it, but only 2 dependencies to its own type.","/src/CsvHelper/CsvDataReader.cs","392","20","392","33"
"Feature envy","A method that uses more methods or variables from another (unrelated) class than from its own class violates the principle of putting data and behavior in the same place.","recommendation","Method AddDetails is too closely tied to [[""CsvContext""|""relative:///src/CsvHelper/CsvContext.cs:18:15:18:24""]]: 4 dependencies to it, but only 0 dependencies to its own type.","/src/CsvHelper/CsvHelperException.cs","75","25","75","34"
"Feature envy","A method that uses more methods or variables from another (unrelated) class than from its own class violates the principle of putting data and behavior in the same place.","recommendation","Method CreateConstructorArgumentExpressionsForMapping is too closely tied to [[""ParameterMapData""|""relative:///src/CsvHelper/Configuration/ParameterMapData.cs:16:15:16:30""]]: 12 dependencies to it, but only 6 dependencies to its own type.","/src/CsvHelper/Expressions/ExpressionManager.cs","46","23","46","68"
"Feature envy","A method that uses more methods or variables from another (unrelated) class than from its own class violates the principle of putting data and behavior in the same place.","recommendation","Method CreateTypeConverterExpression is too closely tied to [[""ParameterMapData""|""relative:///src/CsvHelper/Configuration/ParameterMapData.cs:16:15:16:30""]]: 13 dependencies to it, but only 1 dependencies to its own type.","/src/CsvHelper/Expressions/ExpressionManager.cs","387","29","387","57"
"Feature envy","A method that uses more methods or variables from another (unrelated) class than from its own class violates the principle of putting data and behavior in the same place.","recommendation","Method CreateWriteDelegate<> is too closely tied to [[""Type""|""file:///home/badgy/.nuget/packages/microsoft.netcore.app.ref/5.0.0/ref/net5.0/System.Runtime.dll:0:0:0:0""]]: 4 dependencies to it, but only 0 dependencies to its own type.
Method CreateWriteDelegate<> is too closely tied to [[""CsvContext""|""relative:///src/CsvHelper/CsvContext.cs:18:15:18:24""]]: 4 dependencies to it, but only 0 dependencies to its own type.","/src/CsvHelper/Expressions/ObjectRecordWriter.cs","31","32","31","53"
"Feature envy","A method that uses more methods or variables from another (unrelated) class than from its own class violates the principle of putting data and behavior in the same place.","recommendation","Method GetConstructor is too closely tied to [[""List<>""|""file:///home/badgy/.nuget/packages/microsoft.netcore.app.ref/5.0.0/ref/net5.0/System.Collections.dll:0:0:0:0""]]: 4 dependencies to it, but only 2 dependencies to its own type.","/src/CsvHelper/ObjectCreator.cs","143","34","143","47"
"Feature envy","A method that uses more methods or variables from another (unrelated) class than from its own class violates the principle of putting data and behavior in the same place.","recommendation","Method ConvertFromString is too closely tied to [[""List<>""|""file:///home/badgy/.nuget/packages/microsoft.netcore.app.ref/5.0.0/ref/net5.0/System.Collections.dll:0:0:0:0""]]: 4 dependencies to it, but only 0 dependencies to its own type.","/src/CsvHelper/TypeConversion/ArrayConverter.cs","24","26","24","42"
"Feature envy","A method that uses more methods or variables from another (unrelated) class than from its own class violates the principle of putting data and behavior in the same place.","recommendation","Method ReadingTest is too closely tied to [[""List<>""|""file:///home/badgy/.nuget/packages/microsoft.netcore.app.ref/5.0.0/ref/net5.0/System.Collections.dll:0:0:0:0""]]: 4 dependencies to it, but only 0 dependencies to its own type.","/tests/CsvHelper.Tests/Async/ReadingTests.cs","19","21","19","31"
"Feature envy","A method that uses more methods or variables from another (unrelated) class than from its own class violates the principle of putting data and behavior in the same place.","recommendation","Method UnregisterClassMapGenericTest is too closely tied to [[""CsvContext""|""relative:///src/CsvHelper/CsvContext.cs:18:15:18:24""]]: 4 dependencies to it, but only 1 dependencies to its own type.","/tests/CsvHelper.Tests/CsvConfigurationTests.cs","108","15","108","43"
"Feature envy","A method that uses more methods or variables from another (unrelated) class than from its own class violates the principle of putting data and behavior in the same place.","recommendation","Method UnregisterClassNonMapGenericTest is too closely tied to [[""CsvContext""|""relative:///src/CsvHelper/CsvContext.cs:18:15:18:24""]]: 4 dependencies to it, but only 2 dependencies to its own type.","/tests/CsvHelper.Tests/CsvConfigurationTests.cs","122","15","122","46"
"Feature envy","A method that uses more methods or variables from another (unrelated) class than from its own class violates the principle of putting data and behavior in the same place.","recommendation","Method Parse2RecordsLastWithNoCrlfTest is too closely tied to [[""StreamWriter""|""file:///home/badgy/.nuget/packages/microsoft.netcore.app.ref/5.0.0/ref/net5.0/System.Runtime.dll:0:0:0:0""]]: 4 dependencies to it, but only 0 dependencies to its own type.","/tests/CsvHelper.Tests/CsvParserTests.cs","274","15","274","45"
"Feature envy","A method that uses more methods or variables from another (unrelated) class than from its own class violates the principle of putting data and behavior in the same place.","recommendation","Method ParseFinalRecordWithNoEndOfLineTest is too closely tied to [[""StreamWriter""|""file:///home/badgy/.nuget/packages/microsoft.netcore.app.ref/5.0.0/ref/net5.0/System.Runtime.dll:0:0:0:0""]]: 4 dependencies to it, but only 0 dependencies to its own type.","/tests/CsvHelper.Tests/CsvParserTests.cs","563","15","563","49"
"Feature envy","A method that uses more methods or variables from another (unrelated) class than from its own class violates the principle of putting data and behavior in the same place.","recommendation","Method GetTypeTest is too closely tied to [[""Convert""|""file:///home/badgy/.nuget/packages/microsoft.netcore.app.ref/5.0.0/ref/net5.0/System.Runtime.dll:0:0:0:0""]]: 9 dependencies to it, but only 0 dependencies to its own type.","/tests/CsvHelper.Tests/CsvReaderTests.cs","54","15","54","25"
"Feature envy","A method that uses more methods or variables from another (unrelated) class than from its own class violates the principle of putting data and behavior in the same place.","recommendation","Method GetValuesTest is too closely tied to [[""CsvDataReader""|""relative:///src/CsvHelper/CsvDataReader.cs:16:15:16:27""]]: 24 dependencies to it, but only 0 dependencies to its own type.","/tests/CsvHelper.Tests/DataTableTests/CsvDataReaderTests.cs","22","15","22","27"
"Feature envy","A method that uses more methods or variables from another (unrelated) class than from its own class violates the principle of putting data and behavior in the same place.","recommendation","Method DataTableLoadTest is too closely tied to [[""DataTable""|""file:///home/badgy/.nuget/packages/microsoft.netcore.app.ref/5.0.0/ref/net5.0/System.Data.Common.dll:0:0:0:0""]]: 4 dependencies to it, but only 0 dependencies to its own type.","/tests/CsvHelper.Tests/DataTableTests/CsvDataReaderTests.cs","93","15","93","31"
"Feature envy","A method that uses more methods or variables from another (unrelated) class than from its own class violates the principle of putting data and behavior in the same place.","recommendation","Method DataTableLoadHeaderAndRowsHaveDifferentLengthTest is too closely tied to [[""DataTable""|""file:///home/badgy/.nuget/packages/microsoft.netcore.app.ref/5.0.0/ref/net5.0/System.Data.Common.dll:0:0:0:0""]]: 4 dependencies to it, but only 0 dependencies to its own type.","/tests/CsvHelper.Tests/DataTableTests/CsvDataReaderTests.cs","119","15","119","63"
"Feature envy","A method that uses more methods or variables from another (unrelated) class than from its own class violates the principle of putting data and behavior in the same place.","recommendation","Method ReadWithNoHeaderTest is too closely tied to [[""CsvDataReader""|""relative:///src/CsvHelper/CsvDataReader.cs:16:15:16:27""]]: 4 dependencies to it, but only 0 dependencies to its own type.","/tests/CsvHelper.Tests/DataTableTests/CsvDataReaderTests.cs","168","15","168","34"
"Feature envy","A method that uses more methods or variables from another (unrelated) class than from its own class violates the principle of putting data and behavior in the same place.","recommendation","Method WriteRecords_WithCultureInfoAttributes_DoesntUseParameterMaps is too closely tied to [[""StringBuilder""|""file:///home/badgy/.nuget/packages/microsoft.netcore.app.ref/5.0.0/ref/net5.0/System.Runtime.dll:0:0:0:0""]]: 4 dependencies to it, but only 1 dependencies to its own type.","/tests/CsvHelper.Tests/Mappings/ConstructorParameter/CultureInfoAttributeTests.cs","79","15","79","75"
"Feature envy","A method that uses more methods or variables from another (unrelated) class than from its own class violates the principle of putting data and behavior in the same place.","recommendation","Method WriteRecords_WithParameterMap_DoesntUseParameterMaps is too closely tied to [[""StringBuilder""|""file:///home/badgy/.nuget/packages/microsoft.netcore.app.ref/5.0.0/ref/net5.0/System.Runtime.dll:0:0:0:0""]]: 4 dependencies to it, but only 1 dependencies to its own type.","/tests/CsvHelper.Tests/Mappings/ConstructorParameter/CultureInfoMapTests.cs","108","15","108","66"
"Feature envy","A method that uses more methods or variables from another (unrelated) class than from its own class violates the principle of putting data and behavior in the same place.","recommendation","Method WriteRecords_WithCultureInfoAttributes_DoesntUseParameterMaps is too closely tied to [[""StringBuilder""|""file:///home/badgy/.nuget/packages/microsoft.netcore.app.ref/5.0.0/ref/net5.0/System.Runtime.dll:0:0:0:0""]]: 4 dependencies to it, but only 1 dependencies to its own type.","/tests/CsvHelper.Tests/Mappings/ConstructorParameter/DateTimeStylesAttributeTests.cs","76","15","76","75"
"Feature envy","A method that uses more methods or variables from another (unrelated) class than from its own class violates the principle of putting data and behavior in the same place.","recommendation","Method WriteRecords_WithParameterMap_DoesntUseParameterMaps is too closely tied to [[""StringBuilder""|""file:///home/badgy/.nuget/packages/microsoft.netcore.app.ref/5.0.0/ref/net5.0/System.Runtime.dll:0:0:0:0""]]: 4 dependencies to it, but only 1 dependencies to its own type.","/tests/CsvHelper.Tests/Mappings/ConstructorParameter/DateTimeStylesMapTests.cs","106","15","106","66"
"Feature envy","A method that uses more methods or variables from another (unrelated) class than from its own class violates the principle of putting data and behavior in the same place.","recommendation","Method WriteRecords_WithCultureInfoAttributes_DoesntUseParameterMaps is too closely tied to [[""StringBuilder""|""file:///home/badgy/.nuget/packages/microsoft.netcore.app.ref/5.0.0/ref/net5.0/System.Runtime.dll:0:0:0:0""]]: 4 dependencies to it, but only 1 dependencies to its own type.","/tests/CsvHelper.Tests/Mappings/ConstructorParameter/FormatAttributeTests.cs","78","15","78","75"
"Feature envy","A method that uses more methods or variables from another (unrelated) class than from its own class violates the principle of putting data and behavior in the same place.","recommendation","Method WriteRecords_WithParameterMap_DoesntUseParameterMaps is too closely tied to [[""StringBuilder""|""file:///home/badgy/.nuget/packages/microsoft.netcore.app.ref/5.0.0/ref/net5.0/System.Runtime.dll:0:0:0:0""]]: 4 dependencies to it, but only 1 dependencies to its own type.","/tests/CsvHelper.Tests/Mappings/ConstructorParameter/FormatMapTests.cs","110","15","110","66"
"Feature envy","A method that uses more methods or variables from another (unrelated) class than from its own class violates the principle of putting data and behavior in the same place.","recommendation","Method WriteRecords_WithCultureInfoAttributes_DoesntUseParameterMaps is too closely tied to [[""StringBuilder""|""file:///home/badgy/.nuget/packages/microsoft.netcore.app.ref/5.0.0/ref/net5.0/System.Runtime.dll:0:0:0:0""]]: 4 dependencies to it, but only 1 dependencies to its own type.","/tests/CsvHelper.Tests/Mappings/ConstructorParameter/NumberStylesAttributeTests.cs","75","15","75","75"
"Feature envy","A method that uses more methods or variables from another (unrelated) class than from its own class violates the principle of putting data and behavior in the same place.","recommendation","Method WriteRecords_WithParameterMap_DoesntUseParameterMaps is too closely tied to [[""StringBuilder""|""file:///home/badgy/.nuget/packages/microsoft.netcore.app.ref/5.0.0/ref/net5.0/System.Runtime.dll:0:0:0:0""]]: 4 dependencies to it, but only 1 dependencies to its own type.","/tests/CsvHelper.Tests/Mappings/ConstructorParameter/NumberStylesMapTests.cs","105","15","105","66"
"Feature envy","A method that uses more methods or variables from another (unrelated) class than from its own class violates the principle of putting data and behavior in the same place.","recommendation","Method Test is too closely tied to [[""ParserMock""|""relative:///tests/CsvHelper.Tests/Mocks/ParserMock.cs:16:15:16:24""]]: 4 dependencies to it, but only 0 dependencies to its own type.","/tests/CsvHelper.Tests/Mocks/ParserMockTests.cs","18","21","18","24"
"Feature envy","A method that uses more methods or variables from another (unrelated) class than from its own class violates the principle of putting data and behavior in the same place.","recommendation","Method ValueAndReferenceTypeSingleRecordTest is too closely tied to [[""<>__AnonType0<Int32,String,Test>""|""relative:///tests/CsvHelper.Tests/Reading/AnonymousTypesTests.cs:193:21:198:4""]]: 4 dependencies to it, but only 0 dependencies to its own type.","/tests/CsvHelper.Tests/Reading/AnonymousTypesTests.cs","191","15","191","51"
"Feature envy","A method that uses more methods or variables from another (unrelated) class than from its own class violates the principle of putting data and behavior in the same place.","recommendation","Method ValueAndReferenceTypeAllRecordsTest is too closely tied to [[""<>__AnonType0<Int32,String,Test>""|""relative:///tests/CsvHelper.Tests/Reading/AnonymousTypesTests.cs:193:21:198:4""]]: 4 dependencies to it, but only 0 dependencies to its own type.","/tests/CsvHelper.Tests/Reading/AnonymousTypesTests.cs","223","15","223","49"
"Feature envy","A method that uses more methods or variables from another (unrelated) class than from its own class violates the principle of putting data and behavior in the same place.","recommendation","Method ValueAndReferenceTypeAllRecordsNoHeaderTest is too closely tied to [[""<>__AnonType0<Int32,String,Test>""|""relative:///tests/CsvHelper.Tests/Reading/AnonymousTypesTests.cs:193:21:198:4""]]: 4 dependencies to it, but only 0 dependencies to its own type.","/tests/CsvHelper.Tests/Reading/AnonymousTypesTests.cs","254","15","254","57"
"Feature envy","A method that uses more methods or variables from another (unrelated) class than from its own class violates the principle of putting data and behavior in the same place.","recommendation","Method DuplicateFieldNamesTest is too closely tied to [[""Enumerable""|""file:///home/badgy/.nuget/packages/microsoft.netcore.app.ref/5.0.0/ref/net5.0/System.Linq.dll:0:0:0:0""]]: 4 dependencies to it, but only 0 dependencies to its own type.","/tests/CsvHelper.Tests/Reading/DynamicTests.cs","80","15","80","37"
"Feature envy","A method that uses more methods or variables from another (unrelated) class than from its own class violates the principle of putting data and behavior in the same place.","recommendation","Method WhenConverting_FromStringToByteArray_ReturnsCorrectValues is too closely tied to [[""<>__AnonType0<ByteArrayConverterOptions,String[],Byte[][]>""|""relative:///tests/CsvHelper.Tests/TypeConversion/ByteArrayConverterTests.cs:20:5:31:5""]]: 4 dependencies to it, but only 0 dependencies to its own type.","/tests/CsvHelper.Tests/TypeConversion/ByteArrayConverterTests.cs","16","15","16","71"
"Feature envy","A method that uses more methods or variables from another (unrelated) class than from its own class violates the principle of putting data and behavior in the same place.","recommendation","Method WhenConverting_FromByteArrayToString_ReturnsCorrectValues is too closely tied to [[""<>__AnonType0<ByteArrayConverterOptions,String[],Byte[][]>""|""relative:///tests/CsvHelper.Tests/TypeConversion/ByteArrayConverterTests.cs:83:5:94:5""]]: 4 dependencies to it, but only 0 dependencies to its own type.","/tests/CsvHelper.Tests/TypeConversion/ByteArrayConverterTests.cs","79","15","79","71"
"Feature envy","A method that uses more methods or variables from another (unrelated) class than from its own class violates the principle of putting data and behavior in the same place.","recommendation","Method AddGetRemoveTest is too closely tied to [[""TypeConverterOptionsCache""|""relative:///src/CsvHelper/TypeConversion/TypeConverterOptionsCache.cs:13:15:13:39""]]: 4 dependencies to it, but only 0 dependencies to its own type.","/tests/CsvHelper.Tests/TypeConversion/TypeConverterOptionsFactoryTests.cs","19","15","19","30"
"Parameter by value","Using parameters by reference instead of value","recommendation","Method Trim has a parameter of ref type which can consume more energy than a non-ref type","/src/CsvHelper/ArrayHelper.cs","28","22","28","25"
"Parameter by value","Using parameters by reference instead of value","recommendation","Method ReadSpaces has a parameter of ref type which can consume more energy than a non-ref type","/src/CsvHelper/CsvParser.cs","549","26","549","35"
"Parameter by value","Using parameters by reference instead of value","recommendation","Method ReadBlankLine has a parameter of ref type which can consume more energy than a non-ref type","/src/CsvHelper/CsvParser.cs","571","26","571","38"
"Parameter by value","Using parameters by reference instead of value","recommendation","Method ReadDelimiter has a parameter of ref type which can consume more energy than a non-ref type","/src/CsvHelper/CsvParser.cs","602","26","602","38"
"Parameter by value","Using parameters by reference instead of value","recommendation","Method ReadLineEnding has a parameter of ref type which can consume more energy than a non-ref type","/src/CsvHelper/CsvParser.cs","645","26","645","39"
"Parameter by value","Using parameters by reference instead of value","recommendation","Method ReadNewLine has a parameter of ref type which can consume more energy than a non-ref type","/src/CsvHelper/CsvParser.cs","681","26","681","36"
"Parameter by value","Using parameters by reference instead of value","recommendation","Method ReadLine has a parameter of ref type which can consume more energy than a non-ref type","/src/CsvHelper/CsvParser.cs","357","26","357","33"
"Repeated conditionals","A conditional statement that occurs more than once within the same scope.","recommendation","Method GetMaxIndex implements the same conditional statement in multiple locations within the same scope.","/src/CsvHelper/Configuration/ClassMap.cs","244","3","267","3"
"Repeated conditionals","A conditional statement that occurs more than once within the same scope.","recommendation","Method AutoMapMembers implements the same conditional statement in multiple locations within the same scope.","/src/CsvHelper/Configuration/ClassMap.cs","305","3","445","3"
"Repeated conditionals","A conditional statement that occurs more than once within the same scope.","recommendation","Method SetMapDefaults implements the same conditional statement in multiple locations within the same scope.","/src/CsvHelper/Configuration/ClassMapCollection.cs","152","5","162","5"
"Repeated conditionals","A conditional statement that occurs more than once within the same scope.","recommendation","Method SetMapDefaults implements the same conditional statement in multiple locations within the same scope.","/src/CsvHelper/Configuration/ClassMapCollection.cs","166","4","181","4"
"Repeated conditionals","A conditional statement that occurs more than once within the same scope.","recommendation","Method Validate implements the same conditional statement in multiple locations within the same scope.","/src/CsvHelper/Configuration/CsvConfiguration.cs","178","3","203","3"
"Repeated conditionals","A conditional statement that occurs more than once within the same scope.","recommendation","Method Default implements the same conditional statement in multiple locations within the same scope.","/src/CsvHelper/Configuration/MemberMap.cs","133","3","149","3"
"Repeated conditionals","A conditional statement that occurs more than once within the same scope.","recommendation","Method Constant implements the same conditional statement in multiple locations within the same scope.","/src/CsvHelper/Configuration/MemberMap.cs","158","3","173","3"
"Repeated conditionals","A conditional statement that occurs more than once within the same scope.","recommendation","Method Compare implements the same conditional statement in multiple locations within the same scope.","/src/CsvHelper/Configuration/MemberMapComparer.cs","61","3","72","3"
"Repeated conditionals","A conditional statement that occurs more than once within the same scope.","recommendation","Method Default implements the same conditional statement in multiple locations within the same scope.","/src/CsvHelper/Configuration/ParameterMap.cs","131","3","146","3"
"Repeated conditionals","A conditional statement that occurs more than once within the same scope.","recommendation","Method Constant implements the same conditional statement in multiple locations within the same scope.","/src/CsvHelper/Configuration/ParameterMap.cs","155","3","170","3"
"Repeated conditionals","A conditional statement that occurs more than once within the same scope.","recommendation","Method AddDetails implements the same conditional statement in multiple locations within the same scope.","/src/CsvHelper/CsvHelperException.cs","76","3","142","3"
"Repeated conditionals","A conditional statement that occurs more than once within the same scope.","recommendation","Method get_Record implements the same conditional statement in multiple locations within the same scope.","/src/CsvHelper/CsvParser.cs","90","4","112","4"
"Repeated conditionals","A conditional statement that occurs more than once within the same scope.","recommendation","Method ReadLine implements the same conditional statement in multiple locations within the same scope.","/src/CsvHelper/CsvParser.cs","360","4","543","4"
"Repeated conditionals","A conditional statement that occurs more than once within the same scope.","recommendation","Method ReadDelimiter implements the same conditional statement in multiple locations within the same scope.","/src/CsvHelper/CsvParser.cs","605","4","633","4"
"Repeated conditionals","A conditional statement that occurs more than once within the same scope.","recommendation","Method ReadLineEnding implements the same conditional statement in multiple locations within the same scope.","/src/CsvHelper/CsvParser.cs","646","3","678","3"
"Repeated conditionals","A conditional statement that occurs more than once within the same scope.","recommendation","Method ReadNewLine implements the same conditional statement in multiple locations within the same scope.","/src/CsvHelper/CsvParser.cs","684","4","712","4"
"Repeated conditionals","A conditional statement that occurs more than once within the same scope.","recommendation","Method ReadEndOfFile implements the same conditional statement in multiple locations within the same scope.","/src/CsvHelper/CsvParser.cs","725","3","765","3"
"Repeated conditionals","A conditional statement that occurs more than once within the same scope.","recommendation","Method ProcessRFC4180Field implements the same conditional statement in multiple locations within the same scope.","/src/CsvHelper/CsvParser.cs","907","3","991","3"
"Repeated conditionals","A conditional statement that occurs more than once within the same scope.","recommendation","Method ValidateHeader implements the same conditional statement in multiple locations within the same scope.","/src/CsvHelper/CsvReader.cs","130","3","154","3"
"Repeated conditionals","A conditional statement that occurs more than once within the same scope.","recommendation","Method ValidateHeader implements the same conditional statement in multiple locations within the same scope.","/src/CsvHelper/CsvReader.cs","198","4","222","4"
"Repeated conditionals","A conditional statement that occurs more than once within the same scope.","recommendation","Method GetFieldIndex implements the same conditional statement in multiple locations within the same scope.","/src/CsvHelper/CsvReader.cs","1220","3","1275","3"
"Repeated conditionals","A conditional statement that occurs more than once within the same scope.","recommendation","Method WriteHeader implements the same conditional statement in multiple locations within the same scope.","/src/CsvHelper/CsvWriter.cs","242","3","289","3"
"Repeated conditionals","A conditional statement that occurs more than once within the same scope.","recommendation","Method CreateGetFieldExpression implements the same conditional statement in multiple locations within the same scope.","/src/CsvHelper/Expressions/ExpressionManager.cs","203","3","277","3"
"Repeated conditionals","A conditional statement that occurs more than once within the same scope.","recommendation","Method CreateGetMemberExpression implements the same conditional statement in multiple locations within the same scope.","/src/CsvHelper/Expressions/ExpressionManager.cs","291","4","302","4"
"Repeated conditionals","A conditional statement that occurs more than once within the same scope.","recommendation","Method CreateWriteDelegate<> implements the same conditional statement in multiple locations within the same scope.","/src/CsvHelper/Expressions/ObjectRecordWriter.cs","32","3","122","3"
"Repeated conditionals","A conditional statement that occurs more than once within the same scope.","recommendation","Method MakeRecordWriter<> implements the same conditional statement in multiple locations within the same scope.","/src/CsvHelper/Expressions/RecordWriterFactory.cs","40","3","59","3"
"Repeated conditionals","A conditional statement that occurs more than once within the same scope.","recommendation","Method GetField implements the same conditional statement in multiple locations within the same scope.","/src/CsvHelper/FieldCache.cs","38","3","78","3"
"Repeated conditionals","A conditional statement that occurs more than once within the same scope.","recommendation","Method GetConstructor implements the same conditional statement in multiple locations within the same scope.","/src/CsvHelper/ObjectCreator.cs","148","4","188","4"
"Repeated conditionals","A conditional statement that occurs more than once within the same scope.","recommendation","Method MemberType implements the same conditional statement in multiple locations within the same scope.","/src/CsvHelper/ReflectionExtensions.cs","25","3","39","3"
"Repeated conditionals","A conditional statement that occurs more than once within the same scope.","recommendation","Method GetMemberExpression implements the same conditional statement in multiple locations within the same scope.","/src/CsvHelper/ReflectionExtensions.cs","49","3","63","3"
"Repeated conditionals","A conditional statement that occurs more than once within the same scope.","recommendation","Method GetMember<,> implements the same conditional statement in multiple locations within the same scope.","/src/CsvHelper/ReflectionHelper.cs","142","3","157","3"
"Repeated conditionals","A conditional statement that occurs more than once within the same scope.","recommendation","Method ConvertFromString implements the same conditional statement in multiple locations within the same scope.","/src/CsvHelper/TypeConversion/BooleanConverter.cs","18","3","54","3"
"Repeated conditionals","A conditional statement that occurs more than once within the same scope.","recommendation","Method ConvertFromString implements the same conditional statement in multiple locations within the same scope.","/src/CsvHelper/TypeConversion/BooleanConverter.cs","25","4","34","4"
"Repeated conditionals","A conditional statement that occurs more than once within the same scope.","recommendation","Method EnumConverter implements the same conditional statement in multiple locations within the same scope.","/src/CsvHelper/TypeConversion/EnumConverter.cs","53","6","68","6"
"Repeated conditionals","A conditional statement that occurs more than once within the same scope.","recommendation","Method ConvertFromString implements the same conditional statement in multiple locations within the same scope.","/src/CsvHelper/TypeConversion/TimeSpanConverter.cs","24","3","39","3"
"Repeated conditionals","A conditional statement that occurs more than once within the same scope.","recommendation","Method GetConverter implements the same conditional statement in multiple locations within the same scope.","/src/CsvHelper/TypeConversion/TypeConverterCache.cs","106","3","193","3"
"Repeated conditionals","A conditional statement that occurs more than once within the same scope.","recommendation","Method Merge implements the same conditional statement in multiple locations within the same scope.","/src/CsvHelper/TypeConversion/TypeConverterOptions.cs","89","4","152","4"
"Non-short circuit","Not using short circuiting boolean operators can increase energy consumption.","warning","Operator ... | ... should be used with short circuiting","/src/CsvHelper/Configuration/Attributes/BooleanFalseValuesAttribute.cs","12","18","12","96"
"Non-short circuit","Not using short circuiting boolean operators can increase energy consumption.","warning","Operator ... | ... should be used with short circuiting","/src/CsvHelper/Configuration/Attributes/BooleanFalseValuesAttribute.cs","12","18","12","67"
"Non-short circuit","Not using short circuiting boolean operators can increase energy consumption.","warning","Operator ... | ... should be used with short circuiting","/src/CsvHelper/Configuration/Attributes/BooleanTrueValuesAttribute.cs","12","18","12","96"
"Non-short circuit","Not using short circuiting boolean operators can increase energy consumption.","warning","Operator ... | ... should be used with short circuiting","/src/CsvHelper/Configuration/Attributes/BooleanTrueValuesAttribute.cs","12","18","12","67"
"Non-short circuit","Not using short circuiting boolean operators can increase energy consumption.","warning","Operator ... | ... should be used with short circuiting","/src/CsvHelper/Configuration/Attributes/ConstantAttribute.cs","14","18","14","96"
"Non-short circuit","Not using short circuiting boolean operators can increase energy consumption.","warning","Operator ... | ... should be used with short circuiting","/src/CsvHelper/Configuration/Attributes/ConstantAttribute.cs","14","18","14","67"
"Non-short circuit","Not using short circuiting boolean operators can increase energy consumption.","warning","Operator ... | ... should be used with short circuiting","/src/CsvHelper/Configuration/Attributes/CultureInfoAttribute.cs","15","18","15","96"
"Non-short circuit","Not using short circuiting boolean operators can increase energy consumption.","warning","Operator ... | ... should be used with short circuiting","/src/CsvHelper/Configuration/Attributes/CultureInfoAttribute.cs","15","18","15","67"
"Non-short circuit","Not using short circuiting boolean operators can increase energy consumption.","warning","Operator ... | ... should be used with short circuiting","/src/CsvHelper/Configuration/Attributes/DateTimeStylesAttribute.cs","14","18","14","96"
"Non-short circuit","Not using short circuiting boolean operators can increase energy consumption.","warning","Operator ... | ... should be used with short circuiting","/src/CsvHelper/Configuration/Attributes/DateTimeStylesAttribute.cs","14","18","14","67"
"Non-short circuit","Not using short circuiting boolean operators can increase energy consumption.","warning","Operator ... | ... should be used with short circuiting","/src/CsvHelper/Configuration/Attributes/DefaultAttribute.cs","13","18","13","96"
"Non-short circuit","Not using short circuiting boolean operators can increase energy consumption.","warning","Operator ... | ... should be used with short circuiting","/src/CsvHelper/Configuration/Attributes/DefaultAttribute.cs","13","18","13","67"
"Non-short circuit","Not using short circuiting boolean operators can increase energy consumption.","warning","Operator ... | ... should be used with short circuiting","/src/CsvHelper/Configuration/Attributes/EnumIgnoreCaseAttribute.cs","16","18","16","96"
"Non-short circuit","Not using short circuiting boolean operators can increase energy consumption.","warning","Operator ... | ... should be used with short circuiting","/src/CsvHelper/Configuration/Attributes/EnumIgnoreCaseAttribute.cs","16","18","16","67"
"Non-short circuit","Not using short circuiting boolean operators can increase energy consumption.","warning","Operator ... | ... should be used with short circuiting","/src/CsvHelper/Configuration/Attributes/FormatAttribute.cs","12","18","12","96"
"Non-short circuit","Not using short circuiting boolean operators can increase energy consumption.","warning","Operator ... | ... should be used with short circuiting","/src/CsvHelper/Configuration/Attributes/FormatAttribute.cs","12","18","12","67"
"Non-short circuit","Not using short circuiting boolean operators can increase energy consumption.","warning","Operator ... | ... should be used with short circuiting","/src/CsvHelper/Configuration/Attributes/HeaderPrefixAttribute.cs","12","18","12","96"
"Non-short circuit","Not using short circuiting boolean operators can increase energy consumption.","warning","Operator ... | ... should be used with short circuiting","/src/CsvHelper/Configuration/Attributes/HeaderPrefixAttribute.cs","12","18","12","67"
"Non-short circuit","Not using short circuiting boolean operators can increase energy consumption.","warning","Operator ... | ... should be used with short circuiting","/src/CsvHelper/Configuration/Attributes/IgnoreAttribute.cs","17","18","17","96"
"Non-short circuit","Not using short circuiting boolean operators can increase energy consumption.","warning","Operator ... | ... should be used with short circuiting","/src/CsvHelper/Configuration/Attributes/IgnoreAttribute.cs","17","18","17","67"
"Non-short circuit","Not using short circuiting boolean operators can increase energy consumption.","warning","Operator ... | ... should be used with short circuiting","/src/CsvHelper/Configuration/Attributes/IndexAttribute.cs","15","19","15","97"
"Non-short circuit","Not using short circuiting boolean operators can increase energy consumption.","warning","Operator ... | ... should be used with short circuiting","/src/CsvHelper/Configuration/Attributes/IndexAttribute.cs","15","19","15","68"
"Non-short circuit","Not using short circuiting boolean operators can increase energy consumption.","warning","Operator ... | ... should be used with short circuiting","/src/CsvHelper/Configuration/Attributes/NameAttribute.cs","18","18","18","96"
"Non-short circuit","Not using short circuiting boolean operators can increase energy consumption.","warning","Operator ... | ... should be used with short circuiting","/src/CsvHelper/Configuration/Attributes/NameAttribute.cs","18","18","18","67"
"Non-short circuit","Not using short circuiting boolean operators can increase energy consumption.","warning","Operator ... | ... should be used with short circuiting","/src/CsvHelper/Configuration/Attributes/NameIndexAttribute.cs","14","18","14","96"
"Non-short circuit","Not using short circuiting boolean operators can increase energy consumption.","warning","Operator ... | ... should be used with short circuiting","/src/CsvHelper/Configuration/Attributes/NameIndexAttribute.cs","14","18","14","67"
"Non-short circuit","Not using short circuiting boolean operators can increase energy consumption.","warning","Operator ... | ... should be used with short circuiting","/src/CsvHelper/Configuration/Attributes/NullValuesAttribute.cs","12","18","12","96"
"Non-short circuit","Not using short circuiting boolean operators can increase energy consumption.","warning","Operator ... | ... should be used with short circuiting","/src/CsvHelper/Configuration/Attributes/NullValuesAttribute.cs","12","18","12","67"
"Non-short circuit","Not using short circuiting boolean operators can increase energy consumption.","warning","Operator ... | ... should be used with short circuiting","/src/CsvHelper/Configuration/Attributes/NumberStylesAttribute.cs","14","18","14","96"
"Non-short circuit","Not using short circuiting boolean operators can increase energy consumption.","warning","Operator ... | ... should be used with short circuiting","/src/CsvHelper/Configuration/Attributes/NumberStylesAttribute.cs","14","18","14","67"
"Non-short circuit","Not using short circuiting boolean operators can increase energy consumption.","warning","Operator ... | ... should be used with short circuiting","/src/CsvHelper/Configuration/Attributes/OptionalAttribute.cs","12","18","12","96"
"Non-short circuit","Not using short circuiting boolean operators can increase energy consumption.","warning","Operator ... | ... should be used with short circuiting","/src/CsvHelper/Configuration/Attributes/OptionalAttribute.cs","12","18","12","67"
"Non-short circuit","Not using short circuiting boolean operators can increase energy consumption.","warning","Operator ... | ... should be used with short circuiting","/src/CsvHelper/Configuration/Attributes/TypeConverterAttribute.cs","14","18","14","96"
"Non-short circuit","Not using short circuiting boolean operators can increase energy consumption.","warning","Operator ... | ... should be used with short circuiting","/src/CsvHelper/Configuration/Attributes/TypeConverterAttribute.cs","14","18","14","67"
"Non-short circuit","Not using short circuiting boolean operators can increase energy consumption.","warning","Operator ... | ... should be used with short circuiting","/src/CsvHelper/Configuration/ClassMap.cs","308","16","308","58"
"Non-short circuit","Not using short circuiting boolean operators can increase energy consumption.","warning","Operator ... | ... should be used with short circuiting","/src/CsvHelper/Configuration/ClassMap.cs","311","13","311","42"
"Non-short circuit","Not using short circuiting boolean operators can increase energy consumption.","warning","Operator ... & ... should be used with short circuiting","/src/CsvHelper/Configuration/ClassMap.cs","315","9","315","66"
"Non-short circuit","Not using short circuiting boolean operators can increase energy consumption.","warning","Operator ... & ... should be used with short circuiting","/src/CsvHelper/Configuration/ClassMap.cs","337","9","337","62"
"Non-short circuit","Not using short circuiting boolean operators can increase energy consumption.","warning","Operator ... & ... should be used with short circuiting","/src/CsvHelper/CsvParser.cs","911","9","911","38"
"Non-short circuit","Not using short circuiting boolean operators can increase energy consumption.","warning","Operator ... & ... should be used with short circuiting","/src/CsvHelper/CsvParser.cs","945","9","945","46"
"Non-short circuit","Not using short circuiting boolean operators can increase energy consumption.","warning","Operator ... & ... should be used with short circuiting","/src/CsvHelper/CsvParser.cs","1005","9","1005","38"
"Non-short circuit","Not using short circuiting boolean operators can increase energy consumption.","warning","Operator ... & ... should be used with short circuiting","/src/CsvHelper/CsvParser.cs","1080","9","1080","38"
"Non-short circuit","Not using short circuiting boolean operators can increase energy consumption.","warning","Operator ... & ... should be used with short circuiting","/src/CsvHelper/CsvParser.cs","1127","9","1127","38"
"Non-short circuit","Not using short circuiting boolean operators can increase energy consumption.","warning","Operator ... & ... should be used with short circuiting","/src/CsvHelper/CsvParser.cs","435","12","435","41"
"Non-short circuit","Not using short circuiting boolean operators can increase energy consumption.","warning","Operator ... & ... should be used with short circuiting","/src/CsvHelper/CsvWriter.cs","146","26","146","55"
"Non-short circuit","Not using short circuiting boolean operators can increase energy consumption.","warning","Operator ... & ... should be used with short circuiting","/src/CsvHelper/FieldCache.cs","98","23","98","51"
"Non-short circuit","Not using short circuiting boolean operators can increase energy consumption.","warning","Operator ... | ... should be used with short circuiting","/src/CsvHelper/ObjectCreator.cs","114","45","114","112"
"Non-short circuit","Not using short circuiting boolean operators can increase energy consumption.","warning","Operator ... | ... should be used with short circuiting","/src/CsvHelper/ObjectCreator.cs","114","45","114","88"
"Non-short circuit","Not using short circuiting boolean operators can increase energy consumption.","warning","Operator ... & ... should be used with short circuiting","/src/CsvHelper/ReflectionExtensions.cs","83","9","83","47"
"Non-short circuit","Not using short circuiting boolean operators can increase energy consumption.","warning","Operator ... | ... should be used with short circuiting","/src/CsvHelper/ReflectionHelper.cs","71","4","71","37"
"Non-short circuit","Not using short circuiting boolean operators can increase energy consumption.","warning","Operator ... | ... should be used with short circuiting","/src/CsvHelper/ReflectionHelper.cs","109","4","109","37"
"Non-short circuit","Not using short circuiting boolean operators can increase energy consumption.","warning","Operator ... | ... should be used with short circuiting","/src/CsvHelper/TypeConversion/ByteArrayConverter.cs","24","65","24","142"
"Non-short circuit","Not using short circuiting boolean operators can increase energy consumption.","warning","Operator ... & ... should be used with short circuiting","/src/CsvHelper/TypeConversion/ByteArrayConverter.cs","30","23","30","67"
"Non-short circuit","Not using short circuiting boolean operators can increase energy consumption.","warning","Operator ... & ... should be used with short circuiting","/src/CsvHelper/TypeConversion/ByteArrayConverter.cs","31","18","31","62"
"Non-short circuit","Not using short circuiting boolean operators can increase energy consumption.","warning","Operator ... & ... should be used with short circuiting","/src/CsvHelper/TypeConversion/ByteArrayConverter.cs","45","13","45","54"
"Non-short circuit","Not using short circuiting boolean operators can increase energy consumption.","warning","Operator ... & ... should be used with short circuiting","/src/CsvHelper/TypeConversion/ByteArrayConverter.cs","64","13","64","54"
"Non-short circuit","Not using short circuiting boolean operators can increase energy consumption.","warning","Operator ... & ... should be used with short circuiting","/src/CsvHelper/TypeConversion/ByteArrayConverter.cs","76","9","76","56"
"Non-short circuit","Not using short circuiting boolean operators can increase energy consumption.","warning","Operator ... & ... should be used with short circuiting","/src/CsvHelper/TypeConversion/ByteArrayConverter.cs","114","9","114","50"
"Non-short circuit","Not using short circuiting boolean operators can increase energy consumption.","warning","Operator ... & ... should be used with short circuiting","/src/CsvHelper/TypeConversion/ByteArrayConverter.cs","116","10","116","137"
"Non-short circuit","Not using short circuiting boolean operators can increase energy consumption.","warning","Operator ... | ... should be used with short circuiting","/src/CsvHelper/TypeConversion/ByteArrayConverter.cs","116","21","116","136"
"Non-short circuit","Not using short circuiting boolean operators can increase energy consumption.","warning","Operator ... | ... should be used with short circuiting","/src/CsvHelper/TypeConversion/ByteArrayConverter.cs","116","21","116","96"
"Non-short circuit","Not using short circuiting boolean operators can increase energy consumption.","warning","Operator ... | ... should be used with short circuiting","/src/CsvHelper/TypeConversion/DoubleConverter.cs","47","73","47","120"
"Non-short circuit","Not using short circuiting boolean operators can increase energy consumption.","warning","Operator ... | ... should be used with short circuiting","/src/CsvHelper/TypeConversion/SingleConverter.cs","47","73","47","120"
"Non-short circuit","Not using short circuiting boolean operators can increase energy consumption.","warning","Operator ... | ... should be used with short circuiting","/tests/CsvHelper.Tests/Culture/TypeConverterOptionsFactoryTests.cs","224","40","224","101"
"Non-short circuit","Not using short circuiting boolean operators can increase energy consumption.","warning","Operator ... | ... should be used with short circuiting","/tests/CsvHelper.Tests/Issues/Issue920.cs","23","37","23","82"
"Non-short circuit","Not using short circuiting boolean operators can increase energy consumption.","warning","Operator ... | ... should be used with short circuiting","/tests/CsvHelper.Tests/Mappings/FieldMappingTests.cs","249","19","249","61"
"Non-short circuit","Not using short circuiting boolean operators can increase energy consumption.","warning","Operator ... | ... should be used with short circuiting","/tests/CsvHelper.Tests/Mappings/FieldMappingTests.cs","274","19","274","61"
"Non-short circuit","Not using short circuiting boolean operators can increase energy consumption.","warning","Operator ... | ... should be used with short circuiting","/tests/CsvHelper.Tests/Parsing/EscapeCharacterTests.cs","83","19","83","61"
"Non-short circuit","Not using short circuiting boolean operators can increase energy consumption.","warning","Operator ... | ... should be used with short circuiting","/tests/CsvHelper.Tests/Parsing/TrimTests.cs","1034","19","1034","61"
"Non-short circuit","Not using short circuiting boolean operators can increase energy consumption.","warning","Operator ... | ... should be used with short circuiting","/tests/CsvHelper.Tests/Parsing/TrimTests.cs","1059","19","1059","61"
"Non-short circuit","Not using short circuiting boolean operators can increase energy consumption.","warning","Operator ... | ... should be used with short circuiting","/tests/CsvHelper.Tests/Parsing/TrimTests.cs","1186","19","1186","61"
"Non-short circuit","Not using short circuiting boolean operators can increase energy consumption.","warning","Operator ... | ... should be used with short circuiting","/tests/CsvHelper.Tests/TypeConversion/ByteArrayConverterTests.cs","22","16","22","93"
"Non-short circuit","Not using short circuiting boolean operators can increase energy consumption.","warning","Operator ... | ... should be used with short circuiting","/tests/CsvHelper.Tests/TypeConversion/ByteArrayConverterTests.cs","34","16","34","90"
"Non-short circuit","Not using short circuiting boolean operators can increase energy consumption.","warning","Operator ... | ... should be used with short circuiting","/tests/CsvHelper.Tests/TypeConversion/ByteArrayConverterTests.cs","85","16","85","93"
"Non-short circuit","Not using short circuiting boolean operators can increase energy consumption.","warning","Operator ... | ... should be used with short circuiting","/tests/CsvHelper.Tests/TypeConversion/ByteArrayConverterTests.cs","97","16","97","90"
"Non-short circuit","Not using short circuiting boolean operators can increase energy consumption.","warning","Operator ... | ... should be used with short circuiting","/tests/CsvHelper.Tests/TypeConversion/TypeConverterOptionsFactoryTests.cs","206","40","206","101"
