"Useless assignment to local variable","An assignment to a local variable that is not used later on, or whose value is always overwritten, has no effect.","warning","This assignment to [[""commandDebugMode""|""relative:///src/Dotnet.Script/Program.cs:200:21:200:36""]] is useless, since its value is never read.","/src/Dotnet.Script/Program.cs","200","21","200","139"
"Useless assignment to local variable","An assignment to a local variable that is not used later on, or whose value is always overwritten, has no effect.","warning","This assignment to [[""encoding""|""relative:///src/Dotnet.Script.Core/ScriptCompiler.cs:143:17:143:24""]] is useless, since its value is never read.","/src/Dotnet.Script.Core/ScriptCompiler.cs","143","17","143","65"
"Useless assignment to local variable","An assignment to a local variable that is not used later on, or whose value is always overwritten, has no effect.","warning","This assignment to [[""result""|""relative:///src/Dotnet.Script.Tests/ScriptExecutionTests.cs:146:17:146:22""]] is useless, since its value is never read.","/src/Dotnet.Script.Tests/ScriptExecutionTests.cs","146","17","146","77"
"Useless assignment to local variable","An assignment to a local variable that is not used later on, or whose value is always overwritten, has no effect.","warning","This assignment to [[""exitCode""|""relative:///src/Dotnet.Script.Tests/ExecutionCacheTests.cs:90:30:90:37""]] is useless, since its value is never read.","/src/Dotnet.Script.Tests/ExecutionCacheTests.cs","90","17","90","100"
"Useless assignment to local variable","An assignment to a local variable that is not used later on, or whose value is always overwritten, has no effect.","warning","This assignment to [[""output""|""relative:///src/Dotnet.Script.Tests/ScaffoldingTests.cs:27:18:27:23""]] is useless, since its value is never read.","/src/Dotnet.Script.Tests/ScaffoldingTests.cs","27","13","27","96"
"Useless assignment to local variable","An assignment to a local variable that is not used later on, or whose value is always overwritten, has no effect.","warning","This assignment to [[""output""|""relative:///src/Dotnet.Script.Tests/ScaffoldingTests.cs:90:18:90:23""]] is useless, since its value is never read.","/src/Dotnet.Script.Tests/ScaffoldingTests.cs","90","13","90","96"
"Useless assignment to local variable","An assignment to a local variable that is not used later on, or whose value is always overwritten, has no effect.","warning","This assignment to [[""output""|""relative:///src/Dotnet.Script.Tests/ScaffoldingTests.cs:103:18:103:23""]] is useless, since its value is never read.","/src/Dotnet.Script.Tests/ScaffoldingTests.cs","103","13","103","96"
"Useless assignment to local variable","An assignment to a local variable that is not used later on, or whose value is always overwritten, has no effect.","warning","This assignment to [[""output""|""relative:///src/Dotnet.Script.Tests/ScaffoldingTests.cs:116:18:116:23""]] is useless, since its value is never read.","/src/Dotnet.Script.Tests/ScaffoldingTests.cs","116","13","116","106"
"Useless assignment to local variable","An assignment to a local variable that is not used later on, or whose value is always overwritten, has no effect.","warning","This assignment to [[""output""|""relative:///src/Dotnet.Script.Tests/ScaffoldingTests.cs:126:18:126:23""]] is useless, since its value is never read.","/src/Dotnet.Script.Tests/ScaffoldingTests.cs","126","13","126","109"
"Useless assignment to local variable","An assignment to a local variable that is not used later on, or whose value is always overwritten, has no effect.","warning","This assignment to [[""output""|""relative:///src/Dotnet.Script.Tests/ScaffoldingTests.cs:136:18:136:23""]] is useless, since its value is never read.","/src/Dotnet.Script.Tests/ScaffoldingTests.cs","136","13","136","107"
"Useless assignment to local variable","An assignment to a local variable that is not used later on, or whose value is always overwritten, has no effect.","warning","This assignment to [[""output""|""relative:///src/Dotnet.Script.Tests/ScaffoldingTests.cs:146:18:146:23""]] is useless, since its value is never read.","/src/Dotnet.Script.Tests/ScaffoldingTests.cs","146","13","146","110"
"Useless assignment to local variable","An assignment to a local variable that is not used later on, or whose value is always overwritten, has no effect.","warning","This assignment to [[""exitCode""|""relative:///src/Dotnet.Script.Tests/ScriptExecutionTests.cs:391:26:391:33""]] is useless, since its value is never read.","/src/Dotnet.Script.Tests/ScriptExecutionTests.cs","391","13","391","112"
"Useless assignment to local variable","An assignment to a local variable that is not used later on, or whose value is always overwritten, has no effect.","warning","This assignment to [[""exitCode""|""relative:///src/Dotnet.Script.Tests/ScriptExecutionTests.cs:407:26:407:33""]] is useless, since its value is never read.","/src/Dotnet.Script.Tests/ScriptExecutionTests.cs","407","13","407","87"
"Useless assignment to local variable","An assignment to a local variable that is not used later on, or whose value is always overwritten, has no effect.","warning","This assignment to [[""exitCode""|""relative:///src/Dotnet.Script.Tests/ScriptExecutionTests.cs:423:26:423:33""]] is useless, since its value is never read.","/src/Dotnet.Script.Tests/ScriptExecutionTests.cs","423","13","423","87"
"Useless assignment to local variable","An assignment to a local variable that is not used later on, or whose value is always overwritten, has no effect.","warning","This assignment to [[""exitCode""|""relative:///src/Dotnet.Script.Tests/ScriptExecutionTests.cs:440:26:440:33""]] is useless, since its value is never read.","/src/Dotnet.Script.Tests/ScriptExecutionTests.cs","440","13","440","96"
"Useless assignment to local variable","An assignment to a local variable that is not used later on, or whose value is always overwritten, has no effect.","warning","This assignment to [[""output""|""relative:///src/Dotnet.Script.Tests/ScriptPublisherTests.cs:33:18:33:23""]] is useless, since its value is never read.","/src/Dotnet.Script.Tests/ScriptPublisherTests.cs","33","13","33","114"
"Useless assignment to local variable","An assignment to a local variable that is not used later on, or whose value is always overwritten, has no effect.","warning","This assignment to [[""output""|""relative:///src/Dotnet.Script.Tests/ScriptPublisherTests.cs:56:18:56:23""]] is useless, since its value is never read.","/src/Dotnet.Script.Tests/ScriptPublisherTests.cs","56","13","56","114"
"Useless assignment to local variable","An assignment to a local variable that is not used later on, or whose value is always overwritten, has no effect.","warning","This assignment to [[""output""|""relative:///src/Dotnet.Script.Tests/ScriptPublisherTests.cs:75:18:75:23""]] is useless, since its value is never read.","/src/Dotnet.Script.Tests/ScriptPublisherTests.cs","75","13","75","120"
"Useless assignment to local variable","An assignment to a local variable that is not used later on, or whose value is always overwritten, has no effect.","warning","This assignment to [[""output""|""relative:///src/Dotnet.Script.Tests/ScriptPublisherTests.cs:91:18:91:23""]] is useless, since its value is never read.","/src/Dotnet.Script.Tests/ScriptPublisherTests.cs","91","13","91","111"
"Useless assignment to local variable","An assignment to a local variable that is not used later on, or whose value is always overwritten, has no effect.","warning","This assignment to [[""output""|""relative:///src/Dotnet.Script.Tests/ScriptPublisherTests.cs:107:18:107:23""]] is useless, since its value is never read.","/src/Dotnet.Script.Tests/ScriptPublisherTests.cs","107","13","107","122"
"Useless assignment to local variable","An assignment to a local variable that is not used later on, or whose value is always overwritten, has no effect.","warning","This assignment to [[""output""|""relative:///src/Dotnet.Script.Tests/ScriptPublisherTests.cs:123:18:123:23""]] is useless, since its value is never read.","/src/Dotnet.Script.Tests/ScriptPublisherTests.cs","123","13","123","120"
"Useless assignment to local variable","An assignment to a local variable that is not used later on, or whose value is always overwritten, has no effect.","warning","This assignment to [[""output""|""relative:///src/Dotnet.Script.Tests/ScriptPublisherTests.cs:139:18:139:23""]] is useless, since its value is never read.","/src/Dotnet.Script.Tests/ScriptPublisherTests.cs","139","13","139","117"
"Useless assignment to local variable","An assignment to a local variable that is not used later on, or whose value is always overwritten, has no effect.","warning","This assignment to [[""output""|""relative:///src/Dotnet.Script.Tests/ScriptPublisherTests.cs:157:18:157:23""]] is useless, since its value is never read.","/src/Dotnet.Script.Tests/ScriptPublisherTests.cs","157","13","157","144"
"Useless assignment to local variable","An assignment to a local variable that is not used later on, or whose value is always overwritten, has no effect.","warning","This assignment to [[""output""|""relative:///src/Dotnet.Script.Tests/ScriptPublisherTests.cs:175:18:175:23""]] is useless, since its value is never read.","/src/Dotnet.Script.Tests/ScriptPublisherTests.cs","175","13","175","134"
"Useless assignment to local variable","An assignment to a local variable that is not used later on, or whose value is always overwritten, has no effect.","warning","This assignment to [[""output""|""relative:///src/Dotnet.Script.Tests/ScriptPublisherTests.cs:192:18:192:23""]] is useless, since its value is never read.","/src/Dotnet.Script.Tests/ScriptPublisherTests.cs","192","13","192","136"
"Useless assignment to local variable","An assignment to a local variable that is not used later on, or whose value is always overwritten, has no effect.","warning","This assignment to [[""output""|""relative:///src/Dotnet.Script.Tests/ScriptPublisherTests.cs:208:18:208:23""]] is useless, since its value is never read.","/src/Dotnet.Script.Tests/ScriptPublisherTests.cs","208","13","208","120"
"Useless assignment to local variable","An assignment to a local variable that is not used later on, or whose value is always overwritten, has no effect.","warning","This assignment to [[""output""|""relative:///src/Dotnet.Script.Tests/ScriptPublisherTests.cs:228:18:228:23""]] is useless, since its value is never read.","/src/Dotnet.Script.Tests/ScriptPublisherTests.cs","228","13","228","128"
"Useless assignment to local variable","An assignment to a local variable that is not used later on, or whose value is always overwritten, has no effect.","warning","This assignment to [[""output""|""relative:///src/Dotnet.Script.Tests/ScriptPublisherTests.cs:241:18:241:23""]] is useless, since its value is never read.","/src/Dotnet.Script.Tests/ScriptPublisherTests.cs","241","13","241","134"
"Feature envy","A method that uses more methods or variables from another (unrelated) class than from its own class violates the principle of putting data and behavior in the same place.","recommendation","Method Wain is too closely tied to [[""CommandLineApplication""|""file:///home/badgy/.nuget/packages/mcmaster.extensions.commandlineutils/3.0.0/lib/netstandard2.0/McMaster.Extensions.CommandLineUtils.dll:0:0:0:0""]]: 10 dependencies to it, but only 2 dependencies to its own type.
Method Wain is too closely tied to [[""Enumerable""|""file:///home/badgy/.nuget/packages/microsoft.netcore.app.ref/3.1.0/ref/netcoreapp3.1/System.Linq.dll:0:0:0:0""]]: 4 dependencies to it, but only 2 dependencies to its own type.","/src/Dotnet.Script/Program.cs","56","28","56","31"
"Feature envy","A method that uses more methods or variables from another (unrelated) class than from its own class violates the principle of putting data and behavior in the same place.","recommendation","Method Main is too closely tied to [[""Exception""|""file:///home/badgy/.nuget/packages/microsoft.netcore.app.ref/3.1.0/ref/netcoreapp3.1/System.Runtime.dll:0:0:0:0""]]: 4 dependencies to it, but only 1 dependencies to its own type.","/src/Dotnet.Script/Program.cs","24","27","24","30"
"Feature envy","A method that uses more methods or variables from another (unrelated) class than from its own class violates the principle of putting data and behavior in the same place.","recommendation","Method Execute is too closely tied to [[""ExecuteInteractiveCommandOptions""|""relative:///src/Dotnet.Script.Core/Commands/ExecuteInteractiveCommandOptions.cs:7:18:7:49""]]: 4 dependencies to it, but only 2 dependencies to its own type.","/src/Dotnet.Script.Core/Commands/ExecuteInteractiveCommand.cs","19","32","19","38"
"Feature envy","A method that uses more methods or variables from another (unrelated) class than from its own class violates the principle of putting data and behavior in the same place.","recommendation","Method Execute<> is too closely tied to [[""ExecuteCodeCommandOptions""|""relative:///src/Dotnet.Script.Core/Commands/ExecuteCodeCommandOptions.cs:8:18:8:42""]]: 7 dependencies to it, but only 2 dependencies to its own type.","/src/Dotnet.Script.Core/Commands/ExecuteCodeCommand.cs","21","36","21","51"
"Feature envy","A method that uses more methods or variables from another (unrelated) class than from its own class violates the principle of putting data and behavior in the same place.","recommendation","Method Execute is too closely tied to [[""PublishCommandOptions""|""relative:///src/Dotnet.Script.Core/Commands/PublishCommandOptions.cs:9:18:9:38""]]: 9 dependencies to it, but only 2 dependencies to its own type.","/src/Dotnet.Script.Core/Commands/PublishCommand.cs","20","21","20","27"
"Feature envy","A method that uses more methods or variables from another (unrelated) class than from its own class violates the principle of putting data and behavior in the same place.","recommendation","Method Execute<> is too closely tied to [[""ExecuteLibraryCommandOptions""|""relative:///src/Dotnet.Script.Core/Commands/ExecuteLibraryCommandOptions.cs:7:18:7:45""]]: 4 dependencies to it, but only 2 dependencies to its own type.","/src/Dotnet.Script.Core/Commands/ExecuteLibraryCommand.cs","20","36","20","51"
"Feature envy","A method that uses more methods or variables from another (unrelated) class than from its own class violates the principle of putting data and behavior in the same place.","recommendation","Method DownloadAndRunCode<> is too closely tied to [[""ExecuteScriptCommandOptions""|""relative:///src/Dotnet.Script.Core/Commands/ExecuteScriptCommandOptions.cs:8:18:8:44""]]: 5 dependencies to it, but only 2 dependencies to its own type.","/src/Dotnet.Script.Core/Commands/ExecuteScriptCommand.cs","45","37","45","63"
"Feature envy","A method that uses more methods or variables from another (unrelated) class than from its own class violates the principle of putting data and behavior in the same place.","recommendation","Method GetPathToScriptTempFolder is too closely tied to [[""String""|""file:///home/badgy/.nuget/packages/microsoft.netcore.app.ref/3.1.0/ref/netcoreapp3.1/System.Runtime.dll:0:0:0:0""]]: 4 dependencies to it, but only 1 dependencies to its own type.
Method GetPathToScriptTempFolder is too closely tied to [[""Path""|""file:///home/badgy/.nuget/packages/microsoft.netcore.app.ref/3.1.0/ref/netcoreapp3.1/System.Runtime.Extensions.dll:0:0:0:0""]]: 4 dependencies to it, but only 1 dependencies to its own type.","/src/Dotnet.Script.DependencyModel/ProjectSystem/FileUtils.cs","25","30","25","54"
"Feature envy","A method that uses more methods or variables from another (unrelated) class than from its own class violates the principle of putting data and behavior in the same place.","recommendation","Method CreateAssembly<,> is too closely tied to [[""Path""|""file:///home/badgy/.nuget/packages/microsoft.netcore.app.ref/3.1.0/ref/netcoreapp3.1/System.Runtime.Extensions.dll:0:0:0:0""]]: 4 dependencies to it, but only 2 dependencies to its own type.","/src/Dotnet.Script.Core/ScriptPublisher.cs","39","21","39","50"
"Feature envy","A method that uses more methods or variables from another (unrelated) class than from its own class violates the principle of putting data and behavior in the same place.","recommendation","Method TryProvideCommand is too closely tied to [[""String""|""file:///home/badgy/.nuget/packages/microsoft.netcore.app.ref/3.1.0/ref/netcoreapp3.1/System.Runtime.dll:0:0:0:0""]]: 4 dependencies to it, but only 1 dependencies to its own type.","/src/Dotnet.Script.Core/Interactive/InteractiveCommandProvider.cs","14","21","14","37"
"Feature envy","A method that uses more methods or variables from another (unrelated) class than from its own class violates the principle of putting data and behavior in the same place.","recommendation","Method CreateLoadedAssembliesMap is too closely tied to [[""Enumerable""|""file:///home/badgy/.nuget/packages/microsoft.netcore.app.ref/3.1.0/ref/netcoreapp3.1/System.Linq.dll:0:0:0:0""]]: 4 dependencies to it, but only 0 dependencies to its own type.","/src/Dotnet.Script.Core/ScriptCompiler.cs","268","53","268","77"
"Feature envy","A method that uses more methods or variables from another (unrelated) class than from its own class violates the principle of putting data and behavior in the same place.","recommendation","Method CreateScriptOptions is too closely tied to [[""ScriptOptions""|""file:///home/badgy/.nuget/packages/microsoft.codeanalysis.scripting.common/4.0.0-6.final/lib/netcoreapp3.1/Microsoft.CodeAnalysis.Scripting.dll:0:0:0:0""]]: 9 dependencies to it, but only 1 dependencies to its own type.","/src/Dotnet.Script.Core/ScriptCompiler.cs","93","38","93","56"
"Feature envy","A method that uses more methods or variables from another (unrelated) class than from its own class violates the principle of putting data and behavior in the same place.","recommendation","Method GetRuntimeDependencies is too closely tied to [[""ScriptContext""|""relative:///src/Dotnet.Script.Core/ScriptContext.cs:11:18:11:30""]]: 5 dependencies to it, but only 1 dependencies to its own type.","/src/Dotnet.Script.Core/ScriptCompiler.cs","175","37","175","58"
"Feature envy","A method that uses more methods or variables from another (unrelated) class than from its own class violates the principle of putting data and behavior in the same place.","recommendation","Method CreateScriptDependenciesMap is too closely tied to [[""Enumerable""|""file:///home/badgy/.nuget/packages/microsoft.netcore.app.ref/3.1.0/ref/netcoreapp3.1/System.Linq.dll:0:0:0:0""]]: 5 dependencies to it, but only 0 dependencies to its own type.","/src/Dotnet.Script.Core/ScriptCompiler.cs","259","59","259","85"
"Feature envy","A method that uses more methods or variables from another (unrelated) class than from its own class violates the principle of putting data and behavior in the same place.","recommendation","Method Emit<,> is too closely tied to [[""ScriptCompilationContext<>""|""relative:///src/Dotnet.Script.Core/ScriptCompilationContext.cs:10:18:10:50""]]: 4 dependencies to it, but only 2 dependencies to its own type.","/src/Dotnet.Script.Core/ScriptEmitter.cs","21","41","21","60"
"Feature envy","A method that uses more methods or variables from another (unrelated) class than from its own class violates the principle of putting data and behavior in the same place.","recommendation","Method IsHttpUri is too closely tied to [[""Uri""|""file:///home/badgy/.nuget/packages/microsoft.netcore.app.ref/3.1.0/ref/netcoreapp3.1/System.Runtime.dll:0:0:0:0""]]: 4 dependencies to it, but only 0 dependencies to its own type.","/src/Dotnet.Script.Core/ScriptFile.cs","33","29","33","37"
"Feature envy","A method that uses more methods or variables from another (unrelated) class than from its own class violates the principle of putting data and behavior in the same place.","recommendation","Method CreateScriptAssembly<,> is too closely tied to [[""Path""|""file:///home/badgy/.nuget/packages/microsoft.netcore.app.ref/3.1.0/ref/netcoreapp3.1/System.Runtime.Extensions.dll:0:0:0:0""]]: 5 dependencies to it, but only 1 dependencies to its own type.","/src/Dotnet.Script.Core/ScriptPublisher.cs","102","24","102","59"
"Feature envy","A method that uses more methods or variables from another (unrelated) class than from its own class violates the principle of putting data and behavior in the same place.","recommendation","Method ReportEnvironmentalInfo is too closely tied to [[""ScriptEnvironment""|""relative:///src/Dotnet.Script.DependencyModel/Environment/ScriptEnvironment.cs:9:18:9:34""]]: 5 dependencies to it, but only 2 dependencies to its own type.","/src/Dotnet.Script.Core/Versioning/EnvironmentReporter.cs","57","22","57","44"
"Feature envy","A method that uses more methods or variables from another (unrelated) class than from its own class violates the principle of putting data and behavior in the same place.","recommendation","Method Read is too closely tied to [[""File""|""file:///home/badgy/.nuget/packages/microsoft.netcore.app.ref/3.1.0/ref/netcoreapp3.1/System.IO.FileSystem.dll:0:0:0:0""]]: 4 dependencies to it, but only 2 dependencies to its own type.
Method Read is too closely tied to [[""Path""|""file:///home/badgy/.nuget/packages/microsoft.netcore.app.ref/3.1.0/ref/netcoreapp3.1/System.Runtime.Extensions.dll:0:0:0:0""]]: 4 dependencies to it, but only 2 dependencies to its own type.","/src/Dotnet.Script.DependencyModel/Compilation/CompilationReferencesReader.cs","30","50","30","53"
"Feature envy","A method that uses more methods or variables from another (unrelated) class than from its own class violates the principle of putting data and behavior in the same place.","recommendation","Method Capture is too closely tied to [[""Process""|""file:///home/badgy/.nuget/packages/microsoft.netcore.app.ref/3.1.0/ref/netcoreapp3.1/System.Diagnostics.Process.dll:0:0:0:0""]]: 5 dependencies to it, but only 2 dependencies to its own type.","/src/Dotnet.Script.DependencyModel/Process/CommandRunner.cs","27","30","27","36"
"Feature envy","A method that uses more methods or variables from another (unrelated) class than from its own class violates the principle of putting data and behavior in the same place.","recommendation","Method Log is too closely tied to [[""LogExtensions""|""relative:///src/Dotnet.Script.DependencyModel/Logging/LogActionExtensions.cs:20:25:20:37""]]: 4 dependencies to it, but only 1 dependencies to its own type.","/src/Dotnet.Script.DependencyModel/Context/ScriptDependencyContextReader.cs","215","34","215","36"
"Feature envy","A method that uses more methods or variables from another (unrelated) class than from its own class violates the principle of putting data and behavior in the same place.","recommendation","Method AppendQuotedText is too closely tied to [[""String""|""file:///home/badgy/.nuget/packages/microsoft.netcore.app.ref/3.1.0/ref/netcoreapp3.1/System.Runtime.dll:0:0:0:0""]]: 4 dependencies to it, but only 1 dependencies to its own type.","/src/Dotnet.Script.DependencyModel/Internal/CommandLine.cs","45","32","45","47"
"Feature envy","A method that uses more methods or variables from another (unrelated) class than from its own class violates the principle of putting data and behavior in the same place.","recommendation","Method CreateProcess is too closely tied to [[""Process""|""file:///home/badgy/.nuget/packages/microsoft.netcore.app.ref/3.1.0/ref/netcoreapp3.1/System.Diagnostics.Process.dll:0:0:0:0""]]: 4 dependencies to it, but only 0 dependencies to its own type.","/src/Dotnet.Script.DependencyModel/Process/CommandRunner.cs","69","44","69","56"
"Feature envy","A method that uses more methods or variables from another (unrelated) class than from its own class violates the principle of putting data and behavior in the same place.","recommendation","Method CreateProcessStartInfo is too closely tied to [[""ProcessStartInfo""|""file:///home/badgy/.nuget/packages/microsoft.netcore.app.ref/3.1.0/ref/netcoreapp3.1/System.Diagnostics.Process.dll:0:0:0:0""]]: 8 dependencies to it, but only 1 dependencies to its own type.","/src/Dotnet.Script.DependencyModel/Process/CommandRunner.cs","38","41","38","62"
"Feature envy","A method that uses more methods or variables from another (unrelated) class than from its own class violates the principle of putting data and behavior in the same place.","recommendation","Method RunAndWait is too closely tied to [[""Process""|""file:///home/badgy/.nuget/packages/microsoft.netcore.app.ref/3.1.0/ref/netcoreapp3.1/System.Diagnostics.Process.dll:0:0:0:0""]]: 4 dependencies to it, but only 0 dependencies to its own type.","/src/Dotnet.Script.DependencyModel/Process/CommandRunner.cs","62","29","62","38"
"Feature envy","A method that uses more methods or variables from another (unrelated) class than from its own class violates the principle of putting data and behavior in the same place.","recommendation","Method Process is too closely tied to [[""Path""|""file:///home/badgy/.nuget/packages/microsoft.netcore.app.ref/3.1.0/ref/netcoreapp3.1/System.Runtime.Extensions.dll:0:0:0:0""]]: 4 dependencies to it, but only 2 dependencies to its own type.","/src/Dotnet.Script.DependencyModel/ProjectSystem/ScriptFilesResolver.cs","40","22","40","28"
"Feature envy","A method that uses more methods or variables from another (unrelated) class than from its own class violates the principle of putting data and behavior in the same place.","recommendation","Method GetDependenciesInternal is too closely tied to [[""ScriptDependency""|""relative:///src/Dotnet.Script.DependencyModel/Context/ScriptDependency.cs:3:18:3:33""]]: 5 dependencies to it, but only 1 dependencies to its own type.","/src/Dotnet.Script.DependencyModel/Runtime/RuntimeDependencyResolver.cs","66","48","66","70"
"Feature envy","A method that uses more methods or variables from another (unrelated) class than from its own class violates the principle of putting data and behavior in the same place.","recommendation","Method GetScriptFilesPerTargetFramework is too closely tied to [[""Dictionary<,>""|""file:///home/badgy/.nuget/packages/microsoft.netcore.app.ref/3.1.0/ref/netcoreapp3.1/System.Collections.dll:0:0:0:0""]]: 4 dependencies to it, but only 1 dependencies to its own type.","/src/Dotnet.Script.DependencyModel/ScriptPackage/ScriptFilesDependencyResolver.cs","102","58","102","89"
"Feature envy","A method that uses more methods or variables from another (unrelated) class than from its own class violates the principle of putting data and behavior in the same place.","recommendation","Method RunAndCaptureOutput is too closely tied to [[""Process""|""file:///home/badgy/.nuget/packages/microsoft.netcore.app.ref/3.1.0/ref/netcoreapp3.1/System.Diagnostics.Process.dll:0:0:0:0""]]: 7 dependencies to it, but only 0 dependencies to its own type.
Method RunAndCaptureOutput is too closely tied to [[""ProcessStartInfo""|""file:///home/badgy/.nuget/packages/microsoft.netcore.app.ref/3.1.0/ref/netcoreapp3.1/System.Diagnostics.Process.dll:0:0:0:0""]]: 6 dependencies to it, but only 0 dependencies to its own type.","/src/Dotnet.Script.Shared.Tests/ProcessHelper.cs","9","53","9","71"
"Feature envy","A method that uses more methods or variables from another (unrelated) class than from its own class violates the principle of putting data and behavior in the same place.","recommendation","Method ShouldParseProjectFile is too closely tied to [[""ProjectFile""|""relative:///src/Dotnet.Script.DependencyModel/ProjectSystem/ProjectFile.cs:14:18:14:28""]]: 4 dependencies to it, but only 0 dependencies to its own type.","/src/Dotnet.Script.Tests/ProjectFileTests.cs","10","21","10","42"
"Feature envy","A method that uses more methods or variables from another (unrelated) class than from its own class violates the principle of putting data and behavior in the same place.","recommendation","Method ShouldUpdatePathToDotnetScript is too closely tied to [[""JToken""|""file:///home/badgy/.nuget/packages/newtonsoft.json/12.0.3/lib/net45/Newtonsoft.Json.dll:0:0:0:0""]]: 4 dependencies to it, but only 0 dependencies to its own type.","/src/Dotnet.Script.Tests/ScaffoldingTests.cs","162","21","162","50"
"Feature envy","A method that uses more methods or variables from another (unrelated) class than from its own class violates the principle of putting data and behavior in the same place.","recommendation","Method ShouldThrowMeaningfulExceptionWhenScriptPackageIsMissing is too closely tied to [[""StringBuilder""|""file:///home/badgy/.nuget/packages/microsoft.netcore.app.ref/3.1.0/ref/netcoreapp3.1/System.Runtime.dll:0:0:0:0""]]: 4 dependencies to it, but only 0 dependencies to its own type.","/src/Dotnet.Script.Tests/ScriptPackagesTests.cs","29","21","29","76"
"Feature envy","A method that uses more methods or variables from another (unrelated) class than from its own class violates the principle of putting data and behavior in the same place.","recommendation","Method Execute is too closely tied to [[""Console""|""file:///home/badgy/.nuget/packages/microsoft.netcore.app.ref/3.1.0/ref/netcoreapp3.1/System.Console.dll:0:0:0:0""]]: 4 dependencies to it, but only 0 dependencies to its own type.","/src/Dotnet.Script.Tests/ScriptPackagesTests.cs","119","24","119","30"
"Feature envy","A method that uses more methods or variables from another (unrelated) class than from its own class violates the principle of putting data and behavior in the same place.","recommendation","Method ExecuteCodeInProcess is too closely tied to [[""List<>""|""file:///home/badgy/.nuget/packages/microsoft.netcore.app.ref/3.1.0/ref/netcoreapp3.1/System.Collections.dll:0:0:0:0""]]: 4 dependencies to it, but only 0 dependencies to its own type.","/src/Dotnet.Script.Tests/ScriptTestRunner.cs","58","27","58","46"
"Repeated conditionals","A conditional statement that occurs more than once within the same scope.","recommendation","Method <anonymous> implements the same conditional statement in multiple locations within the same scope.","/src/Dotnet.Script/Program.cs","222","13","268","13"
"Repeated conditionals","A conditional statement that occurs more than once within the same scope.","recommendation","Method TryGetHash implements the same conditional statement in multiple locations within the same scope.","/src/Dotnet.Script.Core/Commands/ExecuteScriptCommand.cs","121","9","138","9"
"Repeated conditionals","A conditional statement that occurs more than once within the same scope.","recommendation","Method HandleScriptErrors implements the same conditional statement in multiple locations within the same scope.","/src/Dotnet.Script.Core/Interactive/InteractiveRunner.cs","157","13","170","13"
"Repeated conditionals","A conditional statement that occurs more than once within the same scope.","recommendation","Method CreateNewScriptFile implements the same conditional statement in multiple locations within the same scope.","/src/Dotnet.Script.Core/Scaffolder.cs","41","9","74","9"
"Repeated conditionals","A conditional statement that occurs more than once within the same scope.","recommendation","Method CreateNewScriptFile implements the same conditional statement in multiple locations within the same scope.","/src/Dotnet.Script.Core/Scaffolder.cs","49","13","69","13"
"Repeated conditionals","A conditional statement that occurs more than once within the same scope.","recommendation","Method CreateLaunchConfiguration implements the same conditional statement in multiple locations within the same scope.","/src/Dotnet.Script.Core/Scaffolder.cs","134","9","190","9"
"Repeated conditionals","A conditional statement that occurs more than once within the same scope.","recommendation","Method CreateScriptOptions implements the same conditional statement in multiple locations within the same scope.","/src/Dotnet.Script.Core/ScriptCompiler.cs","94","9","134","9"
"Repeated conditionals","A conditional statement that occurs more than once within the same scope.","recommendation","Method WriteDiagnostics implements the same conditional statement in multiple locations within the same scope.","/src/Dotnet.Script.Core/ScriptConsole.cs","45","9","61","9"
"Repeated conditionals","A conditional statement that occurs more than once within the same scope.","recommendation","Method ScriptFile implements the same conditional statement in multiple locations within the same scope.","/src/Dotnet.Script.Core/ScriptFile.cs","9","9","23","9"
"Repeated conditionals","A conditional statement that occurs more than once within the same scope.","recommendation","Method GetPlatformIdentifier implements the same conditional statement in multiple locations within the same scope.","/src/Dotnet.Script.DependencyModel/Environment/ScriptEnvironment.cs","69","9","73","9"
"Repeated conditionals","A conditional statement that occurs more than once within the same scope.","recommendation","Method DotnetVersion implements the same conditional statement in multiple locations within the same scope.","/src/Dotnet.Script.DependencyModel/Environment/ScriptEnvironment.cs","150","9","163","9"
"Repeated conditionals","A conditional statement that occurs more than once within the same scope.","recommendation","Method EscapeArgument implements the same conditional statement in multiple locations within the same scope.","/src/Dotnet.Script.DependencyModel/Internal/CommandLine.cs","26","9","41","9"
"Repeated conditionals","A conditional statement that occurs more than once within the same scope.","recommendation","Method AppendQuotedText implements the same conditional statement in multiple locations within the same scope.","/src/Dotnet.Script.DependencyModel/Internal/CommandLine.cs","46","13","72","13"
"Repeated conditionals","A conditional statement that occurs more than once within the same scope.","recommendation","Method GetScriptFilesMatchingCurrentRuntime implements the same conditional statement in multiple locations within the same scope.","/src/Dotnet.Script.DependencyModel/ScriptPackage/ScriptFilesDependencyResolver.cs","85","9","99","9"
"Repeated conditionals","A conditional statement that occurs more than once within the same scope.","recommendation","Method Equals implements the same conditional statement in multiple locations within the same scope.","/src/Dotnet.Script.Extras/RemoteFileResolver.cs","78","9","83","9"
"Non-short circuit","Not using short circuiting boolean operators can increase energy consumption.","warning","Operator ... | ... should be used with short circuiting","/src/Dotnet.Script.Core/ScriptRunner.cs","98","58","98","98"
"Non-short circuit","Not using short circuiting boolean operators can increase energy consumption.","warning","Operator ... | ... should be used with short circuiting","/src/Dotnet.Script.DependencyModel/Internal/CommandLine.cs","83","21","83","75"
"Non-short circuit","Not using short circuiting boolean operators can increase energy consumption.","warning","Operator ... | ... should be used with short circuiting","/src/Dotnet.Script.DependencyModel/ProjectSystem/ScriptParser.cs","55","63","55","110"
"Non-short circuit","Not using short circuiting boolean operators can increase energy consumption.","warning","Operator ... | ... should be used with short circuiting","/src/Dotnet.Script.DependencyModel/ProjectSystem/ScriptParserInternal.cs","24","55","24","109"
"Non-short circuit","Not using short circuiting boolean operators can increase energy consumption.","warning","Operator ... | ... should be used with short circuiting","/src/Dotnet.Script.DependencyModel/ScriptPackage/ScriptFilesDependencyResolver.cs","16","17","16","63"
"Non-short circuit","Not using short circuiting boolean operators can increase energy consumption.","warning","Operator ... | ... should be used with short circuiting","/src/Dotnet.Script.DependencyModel/ScriptPackage/ScriptFilesDependencyResolver.cs","20","17","20","63"
"Non-short circuit","Not using short circuiting boolean operators can increase energy consumption.","warning","Operator ... | ... should be used with short circuiting","/src/Dotnet.Script.Tests/ScaffoldingTests.cs","207","95","207","140"
