"Useless assignment to local variable","An assignment to a local variable that is not used later on, or whose value is always overwritten, has no effect.","warning","This assignment to [[""result""|""relative:///PrimeCSharp/solution_1/Program.cs:20:21:20:26""]] is useless, since its value is never read.","/PrimeCSharp/solution_1/Program.cs","20","21","22","66"
"Useless assignment to local variable","An assignment to a local variable that is not used later on, or whose value is always overwritten, has no effect.","warning","This assignment to [[""result2""|""relative:///PrimeCSharp/solution_1/Program.cs:27:17:27:23""]] is useless, since its value is never read.","/PrimeCSharp/solution_1/Program.cs","27","17","29","62"
"Feature envy","A method that uses more methods or variables from another (unrelated) class than from its own class violates the principle of putting data and behavior in the same place.","recommendation","Method GetDemoSieves is too closely tied to [[""SievePropertyCombinations""|""relative:///PrimeCSharp/solution_1/SieveDetails/SievePropertyCombinations.cs:7:25:7:49""]]: 10 dependencies to it, but only 0 dependencies to its own type.","/PrimeCSharp/solution_1/Config/SettingsV2.cs","356","44","356","56"
"Feature envy","A method that uses more methods or variables from another (unrelated) class than from its own class violates the principle of putting data and behavior in the same place.","recommendation","Method RunAllSieves is too closely tied to [[""SettingsV1""|""relative:///PrimeCSharp/solution_1/Config/SettingsV1.cs:5:18:5:27""]]: 16 dependencies to it, but only 1 dependencies to its own type.","/PrimeCSharp/solution_1/SieveRunnerV1.cs","42","28","42","39"
"Feature envy","A method that uses more methods or variables from another (unrelated) class than from its own class violates the principle of putting data and behavior in the same place.","recommendation","Method PrintResults is too closely tied to [[""SettingsV1""|""relative:///PrimeCSharp/solution_1/Config/SettingsV1.cs:5:18:5:27""]]: 4 dependencies to it, but only 0 dependencies to its own type.","/PrimeCSharp/solution_1/SieveRunnerV1.cs","217","29","217","40"
"Feature envy","A method that uses more methods or variables from another (unrelated) class than from its own class violates the principle of putting data and behavior in the same place.","recommendation","Method GetCompactOutputDescription is too closely tied to [[""StringBuilder""|""file:///home/badgy/.nuget/packages/microsoft.netcore.app.ref/5.0.0/ref/net5.0/System.Runtime.dll:0:0:0:0""]]: 5 dependencies to it, but only 0 dependencies to its own type.","/PrimeCSharp/solution_1/SieveRunnerV2.cs","233","31","233","57"
"Feature envy","A method that uses more methods or variables from another (unrelated) class than from its own class violates the principle of putting data and behavior in the same place.","recommendation","Method GetSieveCreator is too closely tied to [[""SievePropertyCombinations""|""relative:///PrimeCSharp/solution_1/SieveDetails/SievePropertyCombinations.cs:7:25:7:49""]]: 33 dependencies to it, but only 0 dependencies to its own type.","/PrimeCSharp/solution_1/SieveRunnerV2.cs","261","44","261","58"
"Feature envy","A method that uses more methods or variables from another (unrelated) class than from its own class violates the principle of putting data and behavior in the same place.","recommendation","Method Main is too closely tied to [[""Stopwatch""|""file:///home/badgy/.nuget/packages/microsoft.netcore.app.ref/5.0.0/ref/net5.0/System.Runtime.dll:0:0:0:0""]]: 4 dependencies to it, but only 0 dependencies to its own type.","/PrimeCSharp/solution_2/PrimeCS.cs","118","21","118","24"
"Feature envy","A method that uses more methods or variables from another (unrelated) class than from its own class violates the principle of putting data and behavior in the same place.","recommendation","Method Main is too closely tied to [[""Stopwatch""|""file:///home/badgy/.nuget/packages/microsoft.netcore.app.ref/5.0.0/ref/net5.0/System.Runtime.dll:0:0:0:0""]]: 4 dependencies to it, but only 0 dependencies to its own type.","/PrimeCSharp/solution_3/PrimeCS.cs","152","21","152","24"
"Feature envy","A method that uses more methods or variables from another (unrelated) class than from its own class violates the principle of putting data and behavior in the same place.","recommendation","Method RunSieve<> is too closely tied to [[""Stopwatch""|""file:///home/badgy/.nuget/packages/microsoft.netcore.app.ref/5.0.0/ref/net5.0/System.Runtime.dll:0:0:0:0""]]: 4 dependencies to it, but only 1 dependencies to its own type.","/PrimeCSharp/solution_4/PrimeCS.cs","58","21","58","37"
"Parameter by value","Using parameters by reference instead of value","recommendation","Method ClearBit has a parameter of ref type which can consume more energy than a non-ref type","/PrimeCSharp/solution_1/V1Sieves/PrimeSieveArrayPool.cs","94","29","94","36"
"Parameter by value","Using parameters by reference instead of value","recommendation","Method GetBit has a parameter of ref type which can consume more energy than a non-ref type","/PrimeCSharp/solution_1/V1Sieves/PrimeSieveArrayPool.cs","91","32","91","37"
"Parameter by value","Using parameters by reference instead of value","recommendation","Method ClearBit has a parameter of ref type which can consume more energy than a non-ref type","/PrimeCSharp/solution_1/V1Sieves/PrimeSieveArrayPool2Of6.cs","84","29","84","36"
"Parameter by value","Using parameters by reference instead of value","recommendation","Method GetBit has a parameter of ref type which can consume more energy than a non-ref type","/PrimeCSharp/solution_1/V1Sieves/PrimeSieveArrayPool2Of6.cs","81","29","81","34"
"Parameter by value","Using parameters by reference instead of value","recommendation","Method ClearBit has a parameter of ref type which can consume more energy than a non-ref type","/PrimeCSharp/solution_1/V1Sieves/PrimeSieveArrayPool6Par.cs","118","29","118","36"
"Parameter by value","Using parameters by reference instead of value","recommendation","Method GetBit has a parameter of ref type which can consume more energy than a non-ref type","/PrimeCSharp/solution_1/V1Sieves/PrimeSieveArrayPool6Par.cs","115","29","115","34"
"Parameter by value","Using parameters by reference instead of value","recommendation","Method ClearBit has a parameter of ref type which can consume more energy than a non-ref type","/PrimeCSharp/solution_1/V1Sieves/PrimeSieveArrayPool8of30.cs","121","29","121","36"
"Parameter by value","Using parameters by reference instead of value","recommendation","Method GetBit has a parameter of ref type which can consume more energy than a non-ref type","/PrimeCSharp/solution_1/V1Sieves/PrimeSieveArrayPool8of30.cs","118","29","118","34"
"Parameter by value","Using parameters by reference instead of value","recommendation","Method ClearBit has a parameter of ref type which can consume more energy than a non-ref type","/PrimeCSharp/solution_1/V1Sieves/PrimeSieveArrayPool8of30M.cs","187","29","187","36"
"Parameter by value","Using parameters by reference instead of value","recommendation","Method GetBit has a parameter of ref type which can consume more energy than a non-ref type","/PrimeCSharp/solution_1/V1Sieves/PrimeSieveArrayPool8of30M.cs","184","29","184","34"
"Repeated conditionals","A conditional statement that occurs more than once within the same scope.","recommendation","Method PrintResults implements the same conditional statement in multiple locations within the same scope.","/PrimeCSharp/solution_1/SieveRunnerV1.cs","218","9","269","9"
"Repeated conditionals","A conditional statement that occurs more than once within the same scope.","recommendation","Method <anonymous> implements the same conditional statement in multiple locations within the same scope.","/PrimeCSharp/solution_1/V1Sieves/PrimeSieveArrayPool6Par.cs","87","21","107","21"
"Repeated conditionals","A conditional statement that occurs more than once within the same scope.","recommendation","Method printResults implements the same conditional statement in multiple locations within the same scope.","/PrimeCSharp/solution_2/PrimeCS.cs","91","13","115","13"
"Repeated conditionals","A conditional statement that occurs more than once within the same scope.","recommendation","Method printResults implements the same conditional statement in multiple locations within the same scope.","/PrimeCSharp/solution_3/PrimeCS.cs","116","13","143","13"
"Non-short circuit","Not using short circuiting boolean operators can increase energy consumption.","warning","Operator ... & ... should be used with short circuiting","/PrimeCSharp/solution_1/Benchmarks/PrimeSieve - And.cs","78","18","78","26"
"Non-short circuit","Not using short circuiting boolean operators can increase energy consumption.","warning","Operator ... & ... should be used with short circuiting","/PrimeCSharp/solution_1/Benchmarks/PrimeSieve - And.cs","86","18","86","26"
"Non-short circuit","Not using short circuiting boolean operators can increase energy consumption.","warning","Operator ... & ... should be used with short circuiting","/PrimeCSharp/solution_1/Benchmarks/PrimeSieve - US And.cs","77","18","77","26"
"Non-short circuit","Not using short circuiting boolean operators can increase energy consumption.","warning","Operator ... & ... should be used with short circuiting","/PrimeCSharp/solution_1/Benchmarks/PrimeSieve - US And.cs","85","18","85","26"
"Non-short circuit","Not using short circuiting boolean operators can increase energy consumption.","warning","Operator ... | ... should be used with short circuiting","/PrimeCSharp/solution_1/SieveDetails/SievePropertyCombinations.cs","9","43","9","95"
"Non-short circuit","Not using short circuiting boolean operators can increase energy consumption.","warning","Operator ... | ... should be used with short circuiting","/PrimeCSharp/solution_1/SieveDetails/SievePropertyCombinations.cs","10","48","10","122"
"Non-short circuit","Not using short circuiting boolean operators can increase energy consumption.","warning","Operator ... | ... should be used with short circuiting","/PrimeCSharp/solution_1/SieveDetails/SievePropertyCombinations.cs","11","43","11","95"
"Non-short circuit","Not using short circuiting boolean operators can increase energy consumption.","warning","Operator ... | ... should be used with short circuiting","/PrimeCSharp/solution_1/SieveDetails/SievePropertyCombinations.cs","12","44","12","97"
"Non-short circuit","Not using short circuiting boolean operators can increase energy consumption.","warning","Operator ... | ... should be used with short circuiting","/PrimeCSharp/solution_1/SieveDetails/SievePropertyCombinations.cs","14","44","14","97"
"Non-short circuit","Not using short circuiting boolean operators can increase energy consumption.","warning","Operator ... | ... should be used with short circuiting","/PrimeCSharp/solution_1/SieveDetails/SievePropertyCombinations.cs","15","49","15","124"
"Non-short circuit","Not using short circuiting boolean operators can increase energy consumption.","warning","Operator ... | ... should be used with short circuiting","/PrimeCSharp/solution_1/SieveDetails/SievePropertyCombinations.cs","16","44","16","97"
"Non-short circuit","Not using short circuiting boolean operators can increase energy consumption.","warning","Operator ... | ... should be used with short circuiting","/PrimeCSharp/solution_1/SieveDetails/SievePropertyCombinations.cs","17","45","17","99"
"Non-short circuit","Not using short circuiting boolean operators can increase energy consumption.","warning","Operator ... | ... should be used with short circuiting","/PrimeCSharp/solution_1/SieveDetails/SievePropertyCombinations.cs","19","47","19","136"
"Non-short circuit","Not using short circuiting boolean operators can increase energy consumption.","warning","Operator ... | ... should be used with short circuiting","/PrimeCSharp/solution_1/SieveDetails/SievePropertyCombinations.cs","20","52","20","163"
"Non-short circuit","Not using short circuiting boolean operators can increase energy consumption.","warning","Operator ... | ... should be used with short circuiting","/PrimeCSharp/solution_1/SieveDetails/SievePropertyCombinations.cs","21","47","21","136"
"Non-short circuit","Not using short circuiting boolean operators can increase energy consumption.","warning","Operator ... | ... should be used with short circuiting","/PrimeCSharp/solution_1/SieveDetails/SievePropertyCombinations.cs","22","48","22","138"
"Non-short circuit","Not using short circuiting boolean operators can increase energy consumption.","warning","Operator ... | ... should be used with short circuiting","/PrimeCSharp/solution_1/SieveDetails/SievePropertyCombinations.cs","24","45","24","118"
"Non-short circuit","Not using short circuiting boolean operators can increase energy consumption.","warning","Operator ... | ... should be used with short circuiting","/PrimeCSharp/solution_1/SieveDetails/SievePropertyCombinations.cs","25","45","25","118"
"Non-short circuit","Not using short circuiting boolean operators can increase energy consumption.","warning","Operator ... | ... should be used with short circuiting","/PrimeCSharp/solution_1/SieveDetails/SievePropertyCombinations.cs","26","46","26","120"
"Non-short circuit","Not using short circuiting boolean operators can increase energy consumption.","warning","Operator ... | ... should be used with short circuiting","/PrimeCSharp/solution_1/SieveDetails/SievePropertyCombinations.cs","27","45","27","119"
"Non-short circuit","Not using short circuiting boolean operators can increase energy consumption.","warning","Operator ... | ... should be used with short circuiting","/PrimeCSharp/solution_1/SieveDetails/SievePropertyCombinations.cs","28","45","28","119"
"Non-short circuit","Not using short circuiting boolean operators can increase energy consumption.","warning","Operator ... | ... should be used with short circuiting","/PrimeCSharp/solution_1/SieveDetails/SievePropertyCombinations.cs","29","46","29","121"
"Non-short circuit","Not using short circuiting boolean operators can increase energy consumption.","warning","Operator ... | ... should be used with short circuiting","/PrimeCSharp/solution_1/SieveDetails/SievePropertyCombinations.cs","30","45","30","119"
"Non-short circuit","Not using short circuiting boolean operators can increase energy consumption.","warning","Operator ... | ... should be used with short circuiting","/PrimeCSharp/solution_1/SieveDetails/SievePropertyCombinations.cs","31","45","31","119"
"Non-short circuit","Not using short circuiting boolean operators can increase energy consumption.","warning","Operator ... | ... should be used with short circuiting","/PrimeCSharp/solution_1/SieveDetails/SievePropertyCombinations.cs","32","46","32","121"
"Non-short circuit","Not using short circuiting boolean operators can increase energy consumption.","warning","Operator ... | ... should be used with short circuiting","/PrimeCSharp/solution_1/SieveDetails/SievePropertyCombinations.cs","33","46","33","147"
"Non-short circuit","Not using short circuiting boolean operators can increase energy consumption.","warning","Operator ... | ... should be used with short circuiting","/PrimeCSharp/solution_1/SieveDetails/SievePropertyCombinations.cs","34","47","34","149"
"Non-short circuit","Not using short circuiting boolean operators can increase energy consumption.","warning","Operator ... | ... should be used with short circuiting","/PrimeCSharp/solution_1/SieveDetails/SievePropertyCombinations.cs","36","44","36","116"
"Non-short circuit","Not using short circuiting boolean operators can increase energy consumption.","warning","Operator ... | ... should be used with short circuiting","/PrimeCSharp/solution_1/SieveDetails/SievePropertyCombinations.cs","37","44","37","116"
"Non-short circuit","Not using short circuiting boolean operators can increase energy consumption.","warning","Operator ... | ... should be used with short circuiting","/PrimeCSharp/solution_1/SieveDetails/SievePropertyCombinations.cs","38","45","38","118"
"Non-short circuit","Not using short circuiting boolean operators can increase energy consumption.","warning","Operator ... | ... should be used with short circuiting","/PrimeCSharp/solution_1/SieveDetails/SievePropertyCombinations.cs","39","44","39","117"
"Non-short circuit","Not using short circuiting boolean operators can increase energy consumption.","warning","Operator ... | ... should be used with short circuiting","/PrimeCSharp/solution_1/SieveDetails/SievePropertyCombinations.cs","40","44","40","117"
"Non-short circuit","Not using short circuiting boolean operators can increase energy consumption.","warning","Operator ... | ... should be used with short circuiting","/PrimeCSharp/solution_1/SieveDetails/SievePropertyCombinations.cs","41","45","41","119"
"Non-short circuit","Not using short circuiting boolean operators can increase energy consumption.","warning","Operator ... | ... should be used with short circuiting","/PrimeCSharp/solution_1/SieveDetails/SievePropertyCombinations.cs","42","44","42","117"
"Non-short circuit","Not using short circuiting boolean operators can increase energy consumption.","warning","Operator ... | ... should be used with short circuiting","/PrimeCSharp/solution_1/SieveDetails/SievePropertyCombinations.cs","43","44","43","117"
"Non-short circuit","Not using short circuiting boolean operators can increase energy consumption.","warning","Operator ... | ... should be used with short circuiting","/PrimeCSharp/solution_1/SieveDetails/SievePropertyCombinations.cs","44","45","44","119"
"Non-short circuit","Not using short circuiting boolean operators can increase energy consumption.","warning","Operator ... | ... should be used with short circuiting","/PrimeCSharp/solution_1/SieveDetails/SievePropertyCombinations.cs","45","46","45","147"
"Non-short circuit","Not using short circuiting boolean operators can increase energy consumption.","warning","Operator ... | ... should be used with short circuiting","/PrimeCSharp/solution_1/SieveDetails/SievePropertyCombinations.cs","10","48","10","100"
"Non-short circuit","Not using short circuiting boolean operators can increase energy consumption.","warning","Operator ... | ... should be used with short circuiting","/PrimeCSharp/solution_1/SieveDetails/SievePropertyCombinations.cs","15","49","15","102"
"Non-short circuit","Not using short circuiting boolean operators can increase energy consumption.","warning","Operator ... | ... should be used with short circuiting","/PrimeCSharp/solution_1/SieveDetails/SievePropertyCombinations.cs","19","47","19","100"
"Non-short circuit","Not using short circuiting boolean operators can increase energy consumption.","warning","Operator ... | ... should be used with short circuiting","/PrimeCSharp/solution_1/SieveDetails/SievePropertyCombinations.cs","20","52","20","141"
"Non-short circuit","Not using short circuiting boolean operators can increase energy consumption.","warning","Operator ... | ... should be used with short circuiting","/PrimeCSharp/solution_1/SieveDetails/SievePropertyCombinations.cs","21","47","21","100"
"Non-short circuit","Not using short circuiting boolean operators can increase energy consumption.","warning","Operator ... | ... should be used with short circuiting","/PrimeCSharp/solution_1/SieveDetails/SievePropertyCombinations.cs","22","48","22","102"
"Non-short circuit","Not using short circuiting boolean operators can increase energy consumption.","warning","Operator ... | ... should be used with short circuiting","/PrimeCSharp/solution_1/SieveDetails/SievePropertyCombinations.cs","24","45","24","94"
"Non-short circuit","Not using short circuiting boolean operators can increase energy consumption.","warning","Operator ... | ... should be used with short circuiting","/PrimeCSharp/solution_1/SieveDetails/SievePropertyCombinations.cs","25","45","25","94"
"Non-short circuit","Not using short circuiting boolean operators can increase energy consumption.","warning","Operator ... | ... should be used with short circuiting","/PrimeCSharp/solution_1/SieveDetails/SievePropertyCombinations.cs","26","46","26","95"
"Non-short circuit","Not using short circuiting boolean operators can increase energy consumption.","warning","Operator ... | ... should be used with short circuiting","/PrimeCSharp/solution_1/SieveDetails/SievePropertyCombinations.cs","27","45","27","95"
"Non-short circuit","Not using short circuiting boolean operators can increase energy consumption.","warning","Operator ... | ... should be used with short circuiting","/PrimeCSharp/solution_1/SieveDetails/SievePropertyCombinations.cs","28","45","28","95"
"Non-short circuit","Not using short circuiting boolean operators can increase energy consumption.","warning","Operator ... | ... should be used with short circuiting","/PrimeCSharp/solution_1/SieveDetails/SievePropertyCombinations.cs","29","46","29","96"
"Non-short circuit","Not using short circuiting boolean operators can increase energy consumption.","warning","Operator ... | ... should be used with short circuiting","/PrimeCSharp/solution_1/SieveDetails/SievePropertyCombinations.cs","30","45","30","95"
"Non-short circuit","Not using short circuiting boolean operators can increase energy consumption.","warning","Operator ... | ... should be used with short circuiting","/PrimeCSharp/solution_1/SieveDetails/SievePropertyCombinations.cs","31","45","31","95"
"Non-short circuit","Not using short circuiting boolean operators can increase energy consumption.","warning","Operator ... | ... should be used with short circuiting","/PrimeCSharp/solution_1/SieveDetails/SievePropertyCombinations.cs","32","46","32","96"
"Non-short circuit","Not using short circuiting boolean operators can increase energy consumption.","warning","Operator ... | ... should be used with short circuiting","/PrimeCSharp/solution_1/SieveDetails/SievePropertyCombinations.cs","33","46","33","120"
"Non-short circuit","Not using short circuiting boolean operators can increase energy consumption.","warning","Operator ... | ... should be used with short circuiting","/PrimeCSharp/solution_1/SieveDetails/SievePropertyCombinations.cs","34","47","34","122"
"Non-short circuit","Not using short circuiting boolean operators can increase energy consumption.","warning","Operator ... | ... should be used with short circuiting","/PrimeCSharp/solution_1/SieveDetails/SievePropertyCombinations.cs","36","44","36","92"
"Non-short circuit","Not using short circuiting boolean operators can increase energy consumption.","warning","Operator ... | ... should be used with short circuiting","/PrimeCSharp/solution_1/SieveDetails/SievePropertyCombinations.cs","37","44","37","92"
"Non-short circuit","Not using short circuiting boolean operators can increase energy consumption.","warning","Operator ... | ... should be used with short circuiting","/PrimeCSharp/solution_1/SieveDetails/SievePropertyCombinations.cs","38","45","38","93"
"Non-short circuit","Not using short circuiting boolean operators can increase energy consumption.","warning","Operator ... | ... should be used with short circuiting","/PrimeCSharp/solution_1/SieveDetails/SievePropertyCombinations.cs","39","44","39","93"
"Non-short circuit","Not using short circuiting boolean operators can increase energy consumption.","warning","Operator ... | ... should be used with short circuiting","/PrimeCSharp/solution_1/SieveDetails/SievePropertyCombinations.cs","40","44","40","93"
"Non-short circuit","Not using short circuiting boolean operators can increase energy consumption.","warning","Operator ... | ... should be used with short circuiting","/PrimeCSharp/solution_1/SieveDetails/SievePropertyCombinations.cs","41","45","41","94"
"Non-short circuit","Not using short circuiting boolean operators can increase energy consumption.","warning","Operator ... | ... should be used with short circuiting","/PrimeCSharp/solution_1/SieveDetails/SievePropertyCombinations.cs","42","44","42","93"
"Non-short circuit","Not using short circuiting boolean operators can increase energy consumption.","warning","Operator ... | ... should be used with short circuiting","/PrimeCSharp/solution_1/SieveDetails/SievePropertyCombinations.cs","43","44","43","93"
"Non-short circuit","Not using short circuiting boolean operators can increase energy consumption.","warning","Operator ... | ... should be used with short circuiting","/PrimeCSharp/solution_1/SieveDetails/SievePropertyCombinations.cs","44","45","44","94"
"Non-short circuit","Not using short circuiting boolean operators can increase energy consumption.","warning","Operator ... | ... should be used with short circuiting","/PrimeCSharp/solution_1/SieveDetails/SievePropertyCombinations.cs","45","46","45","120"
"Non-short circuit","Not using short circuiting boolean operators can increase energy consumption.","warning","Operator ... | ... should be used with short circuiting","/PrimeCSharp/solution_1/SieveDetails/SievePropertyCombinations.cs","20","52","20","105"
"Non-short circuit","Not using short circuiting boolean operators can increase energy consumption.","warning","Operator ... | ... should be used with short circuiting","/PrimeCSharp/solution_1/SieveDetails/SievePropertyCombinations.cs","33","46","33","96"
"Non-short circuit","Not using short circuiting boolean operators can increase energy consumption.","warning","Operator ... | ... should be used with short circuiting","/PrimeCSharp/solution_1/SieveDetails/SievePropertyCombinations.cs","34","47","34","97"
"Non-short circuit","Not using short circuiting boolean operators can increase energy consumption.","warning","Operator ... | ... should be used with short circuiting","/PrimeCSharp/solution_1/SieveDetails/SievePropertyCombinations.cs","45","46","45","95"
"Non-short circuit","Not using short circuiting boolean operators can increase energy consumption.","warning","Operator ... & ... should be used with short circuiting","/PrimeCSharp/solution_1/V1Sieves/PrimeSieveArrayPool.cs","94","76","94","115"
"Non-short circuit","Not using short circuiting boolean operators can increase energy consumption.","warning","Operator ... & ... should be used with short circuiting","/PrimeCSharp/solution_1/V1Sieves/PrimeSieveArrayPool.cs","91","96","91","133"
"Non-short circuit","Not using short circuiting boolean operators can increase energy consumption.","warning","Operator ... & ... should be used with short circuiting","/PrimeCSharp/solution_1/V1Sieves/PrimeSieveArrayPool2Of6.cs","84","73","84","112"
"Non-short circuit","Not using short circuiting boolean operators can increase energy consumption.","warning","Operator ... & ... should be used with short circuiting","/PrimeCSharp/solution_1/V1Sieves/PrimeSieveArrayPool2Of6.cs","81","72","81","109"
"Non-short circuit","Not using short circuiting boolean operators can increase energy consumption.","warning","Operator ... & ... should be used with short circuiting","/PrimeCSharp/solution_1/V1Sieves/PrimeSieveArrayPool6Par.cs","118","73","118","112"
"Non-short circuit","Not using short circuiting boolean operators can increase energy consumption.","warning","Operator ... | ... should be used with short circuiting","/PrimeCSharp/solution_1/V1Sieves/PrimeSieveArrayPool6Par.cs","92","45","92","75"
"Non-short circuit","Not using short circuiting boolean operators can increase energy consumption.","warning","Operator ... & ... should be used with short circuiting","/PrimeCSharp/solution_1/V1Sieves/PrimeSieveArrayPool6Par.cs","115","72","115","109"
"Non-short circuit","Not using short circuiting boolean operators can increase energy consumption.","warning","Operator ... & ... should be used with short circuiting","/PrimeCSharp/solution_1/V1Sieves/PrimeSieveArrayPool8of30.cs","121","74","121","115"
"Non-short circuit","Not using short circuiting boolean operators can increase energy consumption.","warning","Operator ... & ... should be used with short circuiting","/PrimeCSharp/solution_1/V1Sieves/PrimeSieveArrayPool8of30.cs","118","73","118","112"
"Non-short circuit","Not using short circuiting boolean operators can increase energy consumption.","warning","Operator ... | ... should be used with short circuiting","/PrimeCSharp/solution_1/V1Sieves/PrimeSieveArrayPool8of30M.cs","125","21","125","45"
"Non-short circuit","Not using short circuiting boolean operators can increase energy consumption.","warning","Operator ... | ... should be used with short circuiting","/PrimeCSharp/solution_1/V1Sieves/PrimeSieveArrayPool8of30M.cs","143","21","143","44"
"Non-short circuit","Not using short circuiting boolean operators can increase energy consumption.","warning","Operator ... | ... should be used with short circuiting","/PrimeCSharp/solution_1/V1Sieves/PrimeSieveArrayPool8of30M.cs","157","25","157","43"
"Non-short circuit","Not using short circuiting boolean operators can increase energy consumption.","warning","Operator ... | ... should be used with short circuiting","/PrimeCSharp/solution_1/V1Sieves/PrimeSieveArrayPool8of30M.cs","165","21","165","39"
"Non-short circuit","Not using short circuiting boolean operators can increase energy consumption.","warning","Operator ... & ... should be used with short circuiting","/PrimeCSharp/solution_1/V1Sieves/PrimeSieveArrayPool8of30M.cs","187","74","187","132"
"Non-short circuit","Not using short circuiting boolean operators can increase energy consumption.","warning","Operator ... & ... should be used with short circuiting","/PrimeCSharp/solution_1/V1Sieves/PrimeSieveArrayPool8of30M.cs","184","73","184","129"
"Non-short circuit","Not using short circuiting boolean operators can increase energy consumption.","warning","Operator ... & ... should be used with short circuiting","/PrimeCSharp/solution_1/V1Sieves/PrimeSieveArrayPoolRef.cs","55","13","55","52"
"Non-short circuit","Not using short circuiting boolean operators can increase energy consumption.","warning","Operator ... & ... should be used with short circuiting","/PrimeCSharp/solution_1/V1Sieves/PrimeSieveArrayPoolRef.cs","49","39","49","76"
"Non-short circuit","Not using short circuiting boolean operators can increase energy consumption.","warning","Operator ... & ... should be used with short circuiting","/PrimeCSharp/solution_1/V1Sieves/PrimeSieveRawBits.cs","117","13","117","57"
"Non-short circuit","Not using short circuiting boolean operators can increase energy consumption.","warning","Operator ... & ... should be used with short circuiting","/PrimeCSharp/solution_1/V1Sieves/PrimeSieveRawBits.cs","103","21","103","34"
"Non-short circuit","Not using short circuiting boolean operators can increase energy consumption.","warning","Operator ... & ... should be used with short circuiting","/PrimeCSharp/solution_1/V1Sieves/PrimeSieveRawBits2Of6.cs","92","13","92","45"
"Non-short circuit","Not using short circuiting boolean operators can increase energy consumption.","warning","Operator ... & ... should be used with short circuiting","/PrimeCSharp/solution_1/V1Sieves/PrimeSieveRawBits2Of6.cs","82","21","82","52"
"Non-short circuit","Not using short circuiting boolean operators can increase energy consumption.","warning","Operator ... & ... should be used with short circuiting","/PrimeCSharp/solution_1/V1Sieves/PrimeSieveRawBitsDirect.cs","101","13","101","45"
"Non-short circuit","Not using short circuiting boolean operators can increase energy consumption.","warning","Operator ... & ... should be used with short circuiting","/PrimeCSharp/solution_1/V1Sieves/PrimeSieveRawBitsDirect.cs","91","21","91","52"
"Non-short circuit","Not using short circuiting boolean operators can increase energy consumption.","warning","Operator ... & ... should be used with short circuiting","/PrimeCSharp/solution_1/V1Sieves/PrimeSieveRawBitsInter.cs","113","13","113","57"
"Non-short circuit","Not using short circuiting boolean operators can increase energy consumption.","warning","Operator ... & ... should be used with short circuiting","/PrimeCSharp/solution_1/V1Sieves/PrimeSieveRawBitsInter.cs","100","21","100","30"
"Non-short circuit","Not using short circuiting boolean operators can increase energy consumption.","warning","Operator ... & ... should be used with short circuiting","/PrimeCSharp/solution_1/V1Sieves/PrimeSieveRawParallel.cs","121","13","121","45"
"Non-short circuit","Not using short circuiting boolean operators can increase energy consumption.","warning","Operator ... | ... should be used with short circuiting","/PrimeCSharp/solution_1/V1Sieves/PrimeSieveRawParallel.cs","84","45","84","75"
"Non-short circuit","Not using short circuiting boolean operators can increase energy consumption.","warning","Operator ... & ... should be used with short circuiting","/PrimeCSharp/solution_1/V1Sieves/PrimeSieveRawParallel.cs","111","21","111","52"
"Non-short circuit","Not using short circuiting boolean operators can increase energy consumption.","warning","Operator ... & ... should be used with short circuiting","/PrimeCSharp/solution_1/V2Sieves/Bit30Sieve.cs","45","39","45","52"
"Non-short circuit","Not using short circuiting boolean operators can increase energy consumption.","warning","Operator ... & ... should be used with short circuiting","/PrimeCSharp/solution_1/V2Sieves/Bit30Sieve.cs","76","37","76","50"
"Non-short circuit","Not using short circuiting boolean operators can increase energy consumption.","warning","Operator ... & ... should be used with short circuiting","/PrimeCSharp/solution_1/V2Sieves/Bool30Sieve.cs","47","39","47","52"
"Non-short circuit","Not using short circuiting boolean operators can increase energy consumption.","warning","Operator ... & ... should be used with short circuiting","/PrimeCSharp/solution_1/V2Sieves/Bool30Sieve.cs","53","55","53","69"
"Non-short circuit","Not using short circuiting boolean operators can increase energy consumption.","warning","Operator ... & ... should be used with short circuiting","/PrimeCSharp/solution_1/V2Sieves/PoolB2Sieve.cs","87","13","87","95"
"Non-short circuit","Not using short circuiting boolean operators can increase energy consumption.","warning","Operator ... & ... should be used with short circuiting","/PrimeCSharp/solution_1/V2Sieves/PoolB2Sieve.cs","73","21","73","101"
"Non-short circuit","Not using short circuiting boolean operators can increase energy consumption.","warning","Operator ... & ... should be used with short circuiting","/PrimeCSharp/solution_1/V2Sieves/PoolB2Sieve.cs","87","66","87","93"
"Non-short circuit","Not using short circuiting boolean operators can increase energy consumption.","warning","Operator ... & ... should be used with short circuiting","/PrimeCSharp/solution_1/V2Sieves/PoolB2Sieve.cs","73","72","73","99"
"Non-short circuit","Not using short circuiting boolean operators can increase energy consumption.","warning","Operator ... & ... should be used with short circuiting","/PrimeCSharp/solution_1/V2Sieves/PoolB30Sieve.cs","115","13","115","95"
"Non-short circuit","Not using short circuiting boolean operators can increase energy consumption.","warning","Operator ... & ... should be used with short circuiting","/PrimeCSharp/solution_1/V2Sieves/PoolB30Sieve.cs","101","21","101","101"
"Non-short circuit","Not using short circuiting boolean operators can increase energy consumption.","warning","Operator ... & ... should be used with short circuiting","/PrimeCSharp/solution_1/V2Sieves/PoolB30Sieve.cs","115","66","115","93"
"Non-short circuit","Not using short circuiting boolean operators can increase energy consumption.","warning","Operator ... & ... should be used with short circuiting","/PrimeCSharp/solution_1/V2Sieves/PoolB30Sieve.cs","101","72","101","99"
"Non-short circuit","Not using short circuiting boolean operators can increase energy consumption.","warning","Operator ... & ... should be used with short circuiting","/PrimeCSharp/solution_1/V2Sieves/PoolB6Sieve.cs","87","13","87","95"
"Non-short circuit","Not using short circuiting boolean operators can increase energy consumption.","warning","Operator ... & ... should be used with short circuiting","/PrimeCSharp/solution_1/V2Sieves/PoolB6Sieve.cs","73","21","73","101"
"Non-short circuit","Not using short circuiting boolean operators can increase energy consumption.","warning","Operator ... & ... should be used with short circuiting","/PrimeCSharp/solution_1/V2Sieves/PoolB6Sieve.cs","87","66","87","93"
"Non-short circuit","Not using short circuiting boolean operators can increase energy consumption.","warning","Operator ... & ... should be used with short circuiting","/PrimeCSharp/solution_1/V2Sieves/PoolB6Sieve.cs","73","72","73","99"
"Non-short circuit","Not using short circuiting boolean operators can increase energy consumption.","warning","Operator ... & ... should be used with short circuiting","/PrimeCSharp/solution_1/V2Sieves/PoolD2Sieve.cs","89","13","89","90"
"Non-short circuit","Not using short circuiting boolean operators can increase energy consumption.","warning","Operator ... & ... should be used with short circuiting","/PrimeCSharp/solution_1/V2Sieves/PoolD2Sieve.cs","75","21","75","96"
"Non-short circuit","Not using short circuiting boolean operators can increase energy consumption.","warning","Operator ... & ... should be used with short circuiting","/PrimeCSharp/solution_1/V2Sieves/PoolD2Sieve.cs","89","61","89","88"
"Non-short circuit","Not using short circuiting boolean operators can increase energy consumption.","warning","Operator ... & ... should be used with short circuiting","/PrimeCSharp/solution_1/V2Sieves/PoolD2Sieve.cs","75","67","75","94"
"Non-short circuit","Not using short circuiting boolean operators can increase energy consumption.","warning","Operator ... & ... should be used with short circuiting","/PrimeCSharp/solution_1/V2Sieves/PoolD30Sieve.cs","117","13","117","90"
"Non-short circuit","Not using short circuiting boolean operators can increase energy consumption.","warning","Operator ... & ... should be used with short circuiting","/PrimeCSharp/solution_1/V2Sieves/PoolD30Sieve.cs","103","21","103","96"
"Non-short circuit","Not using short circuiting boolean operators can increase energy consumption.","warning","Operator ... & ... should be used with short circuiting","/PrimeCSharp/solution_1/V2Sieves/PoolD30Sieve.cs","117","61","117","88"
"Non-short circuit","Not using short circuiting boolean operators can increase energy consumption.","warning","Operator ... & ... should be used with short circuiting","/PrimeCSharp/solution_1/V2Sieves/PoolD30Sieve.cs","103","67","103","94"
"Non-short circuit","Not using short circuiting boolean operators can increase energy consumption.","warning","Operator ... & ... should be used with short circuiting","/PrimeCSharp/solution_1/V2Sieves/PoolD6Sieve.cs","89","13","89","90"
"Non-short circuit","Not using short circuiting boolean operators can increase energy consumption.","warning","Operator ... & ... should be used with short circuiting","/PrimeCSharp/solution_1/V2Sieves/PoolD6Sieve.cs","75","21","75","96"
"Non-short circuit","Not using short circuiting boolean operators can increase energy consumption.","warning","Operator ... & ... should be used with short circuiting","/PrimeCSharp/solution_1/V2Sieves/PoolD6Sieve.cs","89","61","89","88"
"Non-short circuit","Not using short circuiting boolean operators can increase energy consumption.","warning","Operator ... & ... should be used with short circuiting","/PrimeCSharp/solution_1/V2Sieves/PoolD6Sieve.cs","75","67","75","94"
"Non-short circuit","Not using short circuiting boolean operators can increase energy consumption.","warning","Operator ... | ... should be used with short circuiting","/PrimeCSharp/solution_1/V2Sieves/PoolQ2MSieve.cs","83","21","83","45"
"Non-short circuit","Not using short circuiting boolean operators can increase energy consumption.","warning","Operator ... | ... should be used with short circuiting","/PrimeCSharp/solution_1/V2Sieves/PoolQ2MSieve.cs","101","21","101","44"
"Non-short circuit","Not using short circuiting boolean operators can increase energy consumption.","warning","Operator ... | ... should be used with short circuiting","/PrimeCSharp/solution_1/V2Sieves/PoolQ2MSieve.cs","115","25","115","43"
"Non-short circuit","Not using short circuiting boolean operators can increase energy consumption.","warning","Operator ... | ... should be used with short circuiting","/PrimeCSharp/solution_1/V2Sieves/PoolQ2MSieve.cs","123","21","123","39"
"Non-short circuit","Not using short circuiting boolean operators can increase energy consumption.","warning","Operator ... & ... should be used with short circuiting","/PrimeCSharp/solution_1/V2Sieves/PoolQ2MSieve.cs","178","13","178","91"
"Non-short circuit","Not using short circuiting boolean operators can increase energy consumption.","warning","Operator ... & ... should be used with short circuiting","/PrimeCSharp/solution_1/V2Sieves/PoolQ2MSieve.cs","150","55","150","85"
"Non-short circuit","Not using short circuiting boolean operators can increase energy consumption.","warning","Operator ... & ... should be used with short circuiting","/PrimeCSharp/solution_1/V2Sieves/PoolQ2MSieve.cs","164","21","164","97"
"Non-short circuit","Not using short circuiting boolean operators can increase energy consumption.","warning","Operator ... & ... should be used with short circuiting","/PrimeCSharp/solution_1/V2Sieves/PoolQ2MSieve.cs","178","62","178","89"
"Non-short circuit","Not using short circuiting boolean operators can increase energy consumption.","warning","Operator ... & ... should be used with short circuiting","/PrimeCSharp/solution_1/V2Sieves/PoolQ2MSieve.cs","164","68","164","95"
"Non-short circuit","Not using short circuiting boolean operators can increase energy consumption.","warning","Operator ... & ... should be used with short circuiting","/PrimeCSharp/solution_1/V2Sieves/PoolQ2Sieve.cs","90","13","90","91"
"Non-short circuit","Not using short circuiting boolean operators can increase energy consumption.","warning","Operator ... & ... should be used with short circuiting","/PrimeCSharp/solution_1/V2Sieves/PoolQ2Sieve.cs","76","21","76","97"
"Non-short circuit","Not using short circuiting boolean operators can increase energy consumption.","warning","Operator ... & ... should be used with short circuiting","/PrimeCSharp/solution_1/V2Sieves/PoolQ2Sieve.cs","90","62","90","89"
"Non-short circuit","Not using short circuiting boolean operators can increase energy consumption.","warning","Operator ... & ... should be used with short circuiting","/PrimeCSharp/solution_1/V2Sieves/PoolQ2Sieve.cs","76","68","76","95"
"Non-short circuit","Not using short circuiting boolean operators can increase energy consumption.","warning","Operator ... & ... should be used with short circuiting","/PrimeCSharp/solution_1/V2Sieves/PoolQ30MSieve.cs","59","39","59","52"
"Non-short circuit","Not using short circuiting boolean operators can increase energy consumption.","warning","Operator ... | ... should be used with short circuiting","/PrimeCSharp/solution_1/V2Sieves/PoolQ30MSieve.cs","85","21","85","45"
"Non-short circuit","Not using short circuiting boolean operators can increase energy consumption.","warning","Operator ... | ... should be used with short circuiting","/PrimeCSharp/solution_1/V2Sieves/PoolQ30MSieve.cs","103","21","103","44"
"Non-short circuit","Not using short circuiting boolean operators can increase energy consumption.","warning","Operator ... | ... should be used with short circuiting","/PrimeCSharp/solution_1/V2Sieves/PoolQ30MSieve.cs","117","25","117","43"
"Non-short circuit","Not using short circuiting boolean operators can increase energy consumption.","warning","Operator ... | ... should be used with short circuiting","/PrimeCSharp/solution_1/V2Sieves/PoolQ30MSieve.cs","125","21","125","39"
"Non-short circuit","Not using short circuiting boolean operators can increase energy consumption.","warning","Operator ... & ... should be used with short circuiting","/PrimeCSharp/solution_1/V2Sieves/PoolQ30MSieve.cs","184","13","184","91"
"Non-short circuit","Not using short circuiting boolean operators can increase energy consumption.","warning","Operator ... & ... should be used with short circuiting","/PrimeCSharp/solution_1/V2Sieves/PoolQ30MSieve.cs","156","55","156","85"
"Non-short circuit","Not using short circuiting boolean operators can increase energy consumption.","warning","Operator ... & ... should be used with short circuiting","/PrimeCSharp/solution_1/V2Sieves/PoolQ30MSieve.cs","170","21","170","97"
"Non-short circuit","Not using short circuiting boolean operators can increase energy consumption.","warning","Operator ... & ... should be used with short circuiting","/PrimeCSharp/solution_1/V2Sieves/PoolQ30MSieve.cs","184","62","184","89"
"Non-short circuit","Not using short circuiting boolean operators can increase energy consumption.","warning","Operator ... & ... should be used with short circuiting","/PrimeCSharp/solution_1/V2Sieves/PoolQ30MSieve.cs","170","68","170","95"
"Non-short circuit","Not using short circuiting boolean operators can increase energy consumption.","warning","Operator ... & ... should be used with short circuiting","/PrimeCSharp/solution_1/V2Sieves/PoolQ30Sieve.cs","54","39","54","52"
"Non-short circuit","Not using short circuiting boolean operators can increase energy consumption.","warning","Operator ... & ... should be used with short circuiting","/PrimeCSharp/solution_1/V2Sieves/PoolQ30Sieve.cs","119","13","119","91"
"Non-short circuit","Not using short circuiting boolean operators can increase energy consumption.","warning","Operator ... & ... should be used with short circuiting","/PrimeCSharp/solution_1/V2Sieves/PoolQ30Sieve.cs","105","21","105","97"
"Non-short circuit","Not using short circuiting boolean operators can increase energy consumption.","warning","Operator ... & ... should be used with short circuiting","/PrimeCSharp/solution_1/V2Sieves/PoolQ30Sieve.cs","119","62","119","89"
"Non-short circuit","Not using short circuiting boolean operators can increase energy consumption.","warning","Operator ... & ... should be used with short circuiting","/PrimeCSharp/solution_1/V2Sieves/PoolQ30Sieve.cs","105","68","105","95"
"Non-short circuit","Not using short circuiting boolean operators can increase energy consumption.","warning","Operator ... & ... should be used with short circuiting","/PrimeCSharp/solution_1/V2Sieves/PoolQ6Sieve.cs","90","13","90","91"
"Non-short circuit","Not using short circuiting boolean operators can increase energy consumption.","warning","Operator ... & ... should be used with short circuiting","/PrimeCSharp/solution_1/V2Sieves/PoolQ6Sieve.cs","76","21","76","97"
"Non-short circuit","Not using short circuiting boolean operators can increase energy consumption.","warning","Operator ... & ... should be used with short circuiting","/PrimeCSharp/solution_1/V2Sieves/PoolQ6Sieve.cs","90","62","90","89"
"Non-short circuit","Not using short circuiting boolean operators can increase energy consumption.","warning","Operator ... & ... should be used with short circuiting","/PrimeCSharp/solution_1/V2Sieves/PoolQ6Sieve.cs","76","68","76","95"
"Non-short circuit","Not using short circuiting boolean operators can increase energy consumption.","warning","Operator ... & ... should be used with short circuiting","/PrimeCSharp/solution_1/V2Sieves/RawB2Sieve.cs","97","13","97","102"
"Non-short circuit","Not using short circuiting boolean operators can increase energy consumption.","warning","Operator ... & ... should be used with short circuiting","/PrimeCSharp/solution_1/V2Sieves/RawB2Sieve.cs","81","21","81","102"
"Non-short circuit","Not using short circuiting boolean operators can increase energy consumption.","warning","Operator ... & ... should be used with short circuiting","/PrimeCSharp/solution_1/V2Sieves/RawB2Sieve.cs","97","73","97","100"
"Non-short circuit","Not using short circuiting boolean operators can increase energy consumption.","warning","Operator ... & ... should be used with short circuiting","/PrimeCSharp/solution_1/V2Sieves/RawB2Sieve.cs","81","73","81","100"
"Non-short circuit","Not using short circuiting boolean operators can increase energy consumption.","warning","Operator ... & ... should be used with short circuiting","/PrimeCSharp/solution_1/V2Sieves/RawB30Sieve.cs","124","13","124","101"
"Non-short circuit","Not using short circuiting boolean operators can increase energy consumption.","warning","Operator ... & ... should be used with short circuiting","/PrimeCSharp/solution_1/V2Sieves/RawB30Sieve.cs","109","21","109","107"
"Non-short circuit","Not using short circuiting boolean operators can increase energy consumption.","warning","Operator ... & ... should be used with short circuiting","/PrimeCSharp/solution_1/V2Sieves/RawB30Sieve.cs","124","72","124","99"
"Non-short circuit","Not using short circuiting boolean operators can increase energy consumption.","warning","Operator ... & ... should be used with short circuiting","/PrimeCSharp/solution_1/V2Sieves/RawB30Sieve.cs","109","78","109","105"
"Non-short circuit","Not using short circuiting boolean operators can increase energy consumption.","warning","Operator ... & ... should be used with short circuiting","/PrimeCSharp/solution_1/V2Sieves/RawB6Sieve.cs","95","13","95","101"
"Non-short circuit","Not using short circuiting boolean operators can increase energy consumption.","warning","Operator ... & ... should be used with short circuiting","/PrimeCSharp/solution_1/V2Sieves/RawB6Sieve.cs","80","21","80","107"
"Non-short circuit","Not using short circuiting boolean operators can increase energy consumption.","warning","Operator ... & ... should be used with short circuiting","/PrimeCSharp/solution_1/V2Sieves/RawB6Sieve.cs","95","72","95","99"
"Non-short circuit","Not using short circuiting boolean operators can increase energy consumption.","warning","Operator ... & ... should be used with short circuiting","/PrimeCSharp/solution_1/V2Sieves/RawB6Sieve.cs","80","78","80","105"
"Non-short circuit","Not using short circuiting boolean operators can increase energy consumption.","warning","Operator ... & ... should be used with short circuiting","/PrimeCSharp/solution_1/V2Sieves/RawD2Sieve.cs","100","13","100","96"
"Non-short circuit","Not using short circuiting boolean operators can increase energy consumption.","warning","Operator ... & ... should be used with short circuiting","/PrimeCSharp/solution_1/V2Sieves/RawD2Sieve.cs","85","21","85","102"
"Non-short circuit","Not using short circuiting boolean operators can increase energy consumption.","warning","Operator ... & ... should be used with short circuiting","/PrimeCSharp/solution_1/V2Sieves/RawD2Sieve.cs","100","67","100","94"
"Non-short circuit","Not using short circuiting boolean operators can increase energy consumption.","warning","Operator ... & ... should be used with short circuiting","/PrimeCSharp/solution_1/V2Sieves/RawD2Sieve.cs","85","73","85","100"
"Non-short circuit","Not using short circuiting boolean operators can increase energy consumption.","warning","Operator ... & ... should be used with short circuiting","/PrimeCSharp/solution_1/V2Sieves/RawD30Sieve.cs","127","13","127","96"
"Non-short circuit","Not using short circuiting boolean operators can increase energy consumption.","warning","Operator ... & ... should be used with short circuiting","/PrimeCSharp/solution_1/V2Sieves/RawD30Sieve.cs","112","21","112","102"
"Non-short circuit","Not using short circuiting boolean operators can increase energy consumption.","warning","Operator ... & ... should be used with short circuiting","/PrimeCSharp/solution_1/V2Sieves/RawD30Sieve.cs","127","67","127","94"
"Non-short circuit","Not using short circuiting boolean operators can increase energy consumption.","warning","Operator ... & ... should be used with short circuiting","/PrimeCSharp/solution_1/V2Sieves/RawD30Sieve.cs","112","73","112","100"
"Non-short circuit","Not using short circuiting boolean operators can increase energy consumption.","warning","Operator ... & ... should be used with short circuiting","/PrimeCSharp/solution_1/V2Sieves/RawD6Sieve.cs","99","13","99","96"
"Non-short circuit","Not using short circuiting boolean operators can increase energy consumption.","warning","Operator ... & ... should be used with short circuiting","/PrimeCSharp/solution_1/V2Sieves/RawD6Sieve.cs","84","21","84","102"
"Non-short circuit","Not using short circuiting boolean operators can increase energy consumption.","warning","Operator ... & ... should be used with short circuiting","/PrimeCSharp/solution_1/V2Sieves/RawD6Sieve.cs","99","67","99","94"
"Non-short circuit","Not using short circuiting boolean operators can increase energy consumption.","warning","Operator ... & ... should be used with short circuiting","/PrimeCSharp/solution_1/V2Sieves/RawD6Sieve.cs","84","73","84","100"
"Non-short circuit","Not using short circuiting boolean operators can increase energy consumption.","warning","Operator ... & ... should be used with short circuiting","/PrimeCSharp/solution_1/V2Sieves/RawQ2Sieve.cs","100","13","100","97"
"Non-short circuit","Not using short circuiting boolean operators can increase energy consumption.","warning","Operator ... & ... should be used with short circuiting","/PrimeCSharp/solution_1/V2Sieves/RawQ2Sieve.cs","85","21","85","103"
"Non-short circuit","Not using short circuiting boolean operators can increase energy consumption.","warning","Operator ... & ... should be used with short circuiting","/PrimeCSharp/solution_1/V2Sieves/RawQ2Sieve.cs","100","68","100","95"
"Non-short circuit","Not using short circuiting boolean operators can increase energy consumption.","warning","Operator ... & ... should be used with short circuiting","/PrimeCSharp/solution_1/V2Sieves/RawQ2Sieve.cs","85","74","85","101"
"Non-short circuit","Not using short circuiting boolean operators can increase energy consumption.","warning","Operator ... & ... should be used with short circuiting","/PrimeCSharp/solution_1/V2Sieves/RawQ30MSieve.cs","60","39","60","52"
"Non-short circuit","Not using short circuiting boolean operators can increase energy consumption.","warning","Operator ... | ... should be used with short circuiting","/PrimeCSharp/solution_1/V2Sieves/RawQ30MSieve.cs","86","21","86","45"
"Non-short circuit","Not using short circuiting boolean operators can increase energy consumption.","warning","Operator ... | ... should be used with short circuiting","/PrimeCSharp/solution_1/V2Sieves/RawQ30MSieve.cs","104","21","104","44"
"Non-short circuit","Not using short circuiting boolean operators can increase energy consumption.","warning","Operator ... | ... should be used with short circuiting","/PrimeCSharp/solution_1/V2Sieves/RawQ30MSieve.cs","118","25","118","43"
"Non-short circuit","Not using short circuiting boolean operators can increase energy consumption.","warning","Operator ... | ... should be used with short circuiting","/PrimeCSharp/solution_1/V2Sieves/RawQ30MSieve.cs","126","21","126","39"
"Non-short circuit","Not using short circuiting boolean operators can increase energy consumption.","warning","Operator ... & ... should be used with short circuiting","/PrimeCSharp/solution_1/V2Sieves/RawQ30MSieve.cs","190","13","190","97"
"Non-short circuit","Not using short circuiting boolean operators can increase energy consumption.","warning","Operator ... & ... should be used with short circuiting","/PrimeCSharp/solution_1/V2Sieves/RawQ30MSieve.cs","157","55","157","85"
"Non-short circuit","Not using short circuiting boolean operators can increase energy consumption.","warning","Operator ... & ... should be used with short circuiting","/PrimeCSharp/solution_1/V2Sieves/RawQ30MSieve.cs","176","21","176","103"
"Non-short circuit","Not using short circuiting boolean operators can increase energy consumption.","warning","Operator ... & ... should be used with short circuiting","/PrimeCSharp/solution_1/V2Sieves/RawQ30MSieve.cs","190","68","190","95"
"Non-short circuit","Not using short circuiting boolean operators can increase energy consumption.","warning","Operator ... & ... should be used with short circuiting","/PrimeCSharp/solution_1/V2Sieves/RawQ30MSieve.cs","176","74","176","101"
"Non-short circuit","Not using short circuiting boolean operators can increase energy consumption.","warning","Operator ... & ... should be used with short circuiting","/PrimeCSharp/solution_1/V2Sieves/RawQ30Sieve.cs","127","13","127","97"
"Non-short circuit","Not using short circuiting boolean operators can increase energy consumption.","warning","Operator ... & ... should be used with short circuiting","/PrimeCSharp/solution_1/V2Sieves/RawQ30Sieve.cs","112","21","112","103"
"Non-short circuit","Not using short circuiting boolean operators can increase energy consumption.","warning","Operator ... & ... should be used with short circuiting","/PrimeCSharp/solution_1/V2Sieves/RawQ30Sieve.cs","127","68","127","95"
"Non-short circuit","Not using short circuiting boolean operators can increase energy consumption.","warning","Operator ... & ... should be used with short circuiting","/PrimeCSharp/solution_1/V2Sieves/RawQ30Sieve.cs","112","74","112","101"
"Non-short circuit","Not using short circuiting boolean operators can increase energy consumption.","warning","Operator ... & ... should be used with short circuiting","/PrimeCSharp/solution_1/V2Sieves/RawQ6Sieve.cs","99","13","99","97"
"Non-short circuit","Not using short circuiting boolean operators can increase energy consumption.","warning","Operator ... & ... should be used with short circuiting","/PrimeCSharp/solution_1/V2Sieves/RawQ6Sieve.cs","84","21","84","103"
"Non-short circuit","Not using short circuiting boolean operators can increase energy consumption.","warning","Operator ... & ... should be used with short circuiting","/PrimeCSharp/solution_1/V2Sieves/RawQ6Sieve.cs","99","68","99","95"
"Non-short circuit","Not using short circuiting boolean operators can increase energy consumption.","warning","Operator ... & ... should be used with short circuiting","/PrimeCSharp/solution_1/V2Sieves/RawQ6Sieve.cs","84","74","84","101"
"Non-short circuit","Not using short circuiting boolean operators can increase energy consumption.","warning","Operator ... & ... should be used with short circuiting","/PrimeCSharp/solution_3/PrimeCS.cs","75","17","75","81"
"Non-short circuit","Not using short circuiting boolean operators can increase energy consumption.","warning","Operator ... & ... should be used with short circuiting","/PrimeCSharp/solution_3/PrimeCS.cs","67","25","67","82"
"Non-short circuit","Not using short circuiting boolean operators can increase energy consumption.","warning","Operator ... | ... should be used with short circuiting","/PrimeCSharp/solution_4/SieveDenseAndSparse.cs","63","21","63","42"
"Non-short circuit","Not using short circuiting boolean operators can increase energy consumption.","warning","Operator ... | ... should be used with short circuiting","/PrimeCSharp/solution_4/SieveDenseAndSparse.cs","80","17","80","59"
"Non-short circuit","Not using short circuiting boolean operators can increase energy consumption.","warning","Operator ... | ... should be used with short circuiting","/PrimeCSharp/solution_4/SieveDenseAndSparse.cs","103","17","103","53"
"Non-short circuit","Not using short circuiting boolean operators can increase energy consumption.","warning","Operator ... | ... should be used with short circuiting","/PrimeCSharp/solution_4/SieveDenseAndSparse.cs","104","17","104","53"
"Non-short circuit","Not using short circuiting boolean operators can increase energy consumption.","warning","Operator ... | ... should be used with short circuiting","/PrimeCSharp/solution_4/SieveDenseAndSparse.cs","105","17","105","53"
"Non-short circuit","Not using short circuiting boolean operators can increase energy consumption.","warning","Operator ... | ... should be used with short circuiting","/PrimeCSharp/solution_4/SieveDenseAndSparse.cs","106","17","106","53"
"Non-short circuit","Not using short circuiting boolean operators can increase energy consumption.","warning","Operator ... | ... should be used with short circuiting","/PrimeCSharp/solution_4/SieveDenseAndSparse.cs","116","17","116","53"
"Non-short circuit","Not using short circuiting boolean operators can increase energy consumption.","warning","Operator ... & ... should be used with short circuiting","/PrimeCSharp/solution_4/SieveDenseAndSparse.cs","37","22","37","67"
"Non-short circuit","Not using short circuiting boolean operators can increase energy consumption.","warning","Operator ... | ... should be used with short circuiting","/PrimeCSharp/solution_4/SieveStride8.cs","63","21","63","34"
"Non-short circuit","Not using short circuiting boolean operators can increase energy consumption.","warning","Operator ... | ... should be used with short circuiting","/PrimeCSharp/solution_4/SieveStride8.cs","66","17","66","35"
"Non-short circuit","Not using short circuiting boolean operators can increase energy consumption.","warning","Operator ... & ... should be used with short circuiting","/PrimeCSharp/solution_4/SieveStride8.cs","45","22","45","67"
"Non-short circuit","Not using short circuiting boolean operators can increase energy consumption.","warning","Operator ... & ... should be used with short circuiting","/PrimeCSharp/solution_4/SieveStride8.cs","59","22","59","39"
"Non-short circuit","Not using short circuiting boolean operators can increase energy consumption.","warning","Operator ... | ... should be used with short circuiting","/PrimeCSharp/solution_4/SieveStride8Blocks.cs","93","25","93","37"
"Non-short circuit","Not using short circuiting boolean operators can increase energy consumption.","warning","Operator ... | ... should be used with short circuiting","/PrimeCSharp/solution_4/SieveStride8Blocks.cs","94","25","94","37"
"Non-short circuit","Not using short circuiting boolean operators can increase energy consumption.","warning","Operator ... | ... should be used with short circuiting","/PrimeCSharp/solution_4/SieveStride8Blocks.cs","95","25","95","37"
"Non-short circuit","Not using short circuiting boolean operators can increase energy consumption.","warning","Operator ... | ... should be used with short circuiting","/PrimeCSharp/solution_4/SieveStride8Blocks.cs","96","25","96","37"
"Non-short circuit","Not using short circuiting boolean operators can increase energy consumption.","warning","Operator ... | ... should be used with short circuiting","/PrimeCSharp/solution_4/SieveStride8Blocks.cs","106","25","106","37"
"Non-short circuit","Not using short circuiting boolean operators can increase energy consumption.","warning","Operator ... & ... should be used with short circuiting","/PrimeCSharp/solution_4/SieveStride8Blocks.cs","60","22","60","67"
